Verbs,Meaning,Sentences,Translation,Level
する,do,今夜は何をするですか。,What will you do tonight?,5
居る,exist-have,この家に居るからだ。,Because you're in this house.,5
有る,exist-have,ビデオも有る。,There is also a video.,5
言う,say,言いたいことを言った。,I said what I wanted to say.,5
成る,become,原価と付加価値から成る。,It consists of cost and added value.,5
来る,come,一緒に来るか。,You want to come with us?,5
思う,think,おもしろいと思う。,I think it's interesting.,5
行く,go,今すぐ病院に行くべきよ。,You need to go to the hospital now.,5
見る,see,映画を見るつもりです。,I plan to see the movie.,5
出来る,be able to,すぐに翻訳出来るだろう。,We will be able to translate it soon.,5
よる,depend on-base on-due to,研究に拠る。,Based on research.,5
しまう,finish,食べてしまう。,Finish eating.,5
分かる,understand,ちっとも分からない。,I don't understand it at all.,5
持つ,have,疑問を持っていた。,I had my doubts.,5
考える,think,将来のことを考える。,Thinking about the future.,5
遣る,do,ここで何をやっていますか。,What are you doing here?,5
出る,go out,何時に家を出ようか。,What time shall I leave home?,5
就く,take-ascend-assume,やっと職に就いた。,I finally got a job.,5
取る,take-pick up-earn-get,からしを取ってください。,Will you pass me the mustard?,5
聞く,hear-listen-ask-enquire,演説を聞く。,Listen to the speech.,5
下さる,give-bestow,明確な回答を下さるでしょう。,He will give us a clear answer.,5
知る,know-understand,弱点を知らない。,I do not know of any weakness.,5
呉れる,give-do for someone,これは私にくれるのですか。,Will you give this to me?,5
入る,enter,指令センターに入る。,Enter the command center.,5
置く,put-leave-place,食卓に花瓶を置く。,Place a vase of flowers on the table.,5
使う,use,このコピー機を使ってもいいですか。,May I use this copier?,5
対する,face-directed towards-against,それが客に対する態度か。,Is that your attitude toward customers?,5
出す,put out-take out-submit,急いで結論を出す必要はない。,There is no need to rush to a conclusion.,5
作る,make-build-produce,弁当を作る。,Make a lunch box.,5
行う,do-perform,彼の指示どおりに行った。,I did as he instructed.,5
知れる,known-understood,どうやって未来を知れるの。,How can we know the future?,5
書く,write-compose,生徒に作文を書かせる。,Have students write an essay.,5
付ける,attach-add-append-stick,すべてのスライドに機密記号を付ける。,Attach a confidential symbol to all slides.,5
貰う,receive-take-accept-get,小包みが届いた時残りを貰う。,We get the rest when the package is delivered.,5
教える,teach-instruct,駅への道を教える。,Teach them the way to the station.,5
掛ける,hang-raise-put on-spend,肩に手を掛ける。,Put a hand on his shoulder.,5
得る,get-earn-gain-obtain,より正確な50%のデューティサイクルを得る。,Obtain a more accurate 50% duty cycle.,5
見える,be seen-be visible-be in sight-look-seem,投資銀行員のように見える。,Looks like an investment banker.,5
入れる,put in-insert-get in-accept-include,やかんに水を入れなさい。,Put some water into the kettle.,5
受ける,receive-get-take-catch-undergo,免許を受ける。,Receive a license.,5
付く,attached-stick-connected-stained-acquired,それで全ての事実に説明が付く。,That would explain all the facts.,5
違う,"different, differs, vary, mistaken, wrong",意見がそれぞれ違う。,Opinions differ from each other.,5
始める,"start, begin, initiate",小学生の頃から山登りを始める。,He started mountain climbing when he was in elementary school.,5
呼ぶ,"call, invoke, summon, invite, designate, name, brand",これを分散ファイルシステムと呼ぶ。,This is called file system fragmentation.,5
上げる,"raise, elevate, give, deep-fry",次はクオリティを上げる事だ。,The next step is to improve quality.,5
過ぎる,"pass, elapse, go beyond, exceeded, surpass",あの女性は盛りを過ぎている。,That woman is past her prime.,5
感ずる,"feel, sense",生から非常な喜びを感ずる。,I feel great joy from life.,5
続ける,"continue, keep",これでインストールを続けることができます。,You can now continue with the installation.,5
食べる,eat,ほかに何も食べるものがない。,There is nothing else to eat.,5
掛かる,"take, hang, come, arrive, start",複雑で時間が掛かる。,It is complicated and time consuming.,5
変わる,"change, altered, vary",野菜の値段は日々変わる。,Vegetable prices change daily.,5
読む,"read, recite, decipher",漢字は読むのが難しい。,Kanji is difficult to read.,5
買う,"buy, purchase",彼は新しい自転車を買うつもりです。,He intends to buy a new bicycle.,5
生きる,"live, exist, make a living, in effect, in use, function",我々は生きるために食べる。,We eat so that we may live.,5
切る,"cut, cut through, sever, turn off, disconnect",スポンジケーキを横半分に切る。,Cut sponge cake in half crosswise.,5
立つ,"stand, stick up, take up",通路に立たないでください。,Do not stand in the aisles.,5
帰る,"go home, return, go back, leave",一緒に帰りましょう。,Let's go home together.,5
話す,"talk, speak, converse, tell",君に話したいことがある。,I have something to tell you.,5
飲む,"drink, gulp, swallow, take",薬を飲む。,Take medicine.,5
示す,"show, demonstrate, tell, indicates point out",実力を示す。,Demonstrate competence.,5
関する,"concern, related",この事件に関する情報。,Information on this case.,5
与える,"give, bestow, grant, confer, provide, supply, assign","息子に月3,000円を与ている。","He gives his son 3,000 yen per month.",5
頂く,"receive, get, accept, take",これはご理解を頂く上で非常に重要です。,This is very important for your understanding.,5
戻る,"return, turn back, recover",自宅に戻るようにしてください。,Make sure you return home.,5
開く,open,押したらドアが開いた。,I pushed and the door opened.,5
死ぬ,"die, pass away",酒を飲みすぎて死ぬ。,He drinks too much and dies.,5
従う,"obey, follow, accompany",会社の方針に従う。,Follow company policy.,5
止める,"stop, park, prevent suppress, turn off",仕事の手を止める。,Stop working.,5
願う,"wish, desire, hope, request",至急ご返事を願います。,Please reply as soon as possible.,5
歩く,walk,長い道を歩いて帰る。,I walk the long way home.,5
待つ,"wait, await, look forward, anticipate",判決の瞬間を待つ。,Waiting for the moment of judgment.,5
求める,"want, ask, request, seek",許可を求める。,Request permission.,5
認める,"admit, recognize, acknowledge",誤りを認める。,I admit that I made a mistake.,5
会う,meet encounter,彼には１週間会っていない。,I haven't seen him for a week.,5
続く,"continue, lead to",試合はまだ続いている。,The match is still going on.,5
向かう,"face, go towards, head towards",船は長崎から香港に向かった。,The ship left Nagasaki for Hong Kong.,5
生まれる,be born,月曜日には子供が生まれる予定だった。,The baby was due on Monday.,5
見せる,"show, display",かばんを開けて中を見せる。,Open the bag and show what's inside.,5
当たる,"hit, strike, touch, in contact, applicable",風がガラス窓に当たった。,The wind hit the glass window.,5
終わる,"end, close, finish",任期が終わる。,The term of office ends.,5
乗る,"ride, board, get on",車に乗っていてください。,Please get in and wait in the car,5
残る,"remain, left",道路に雪が残っている。,Snow remains on the road.,5
述べる,"state, express, mention",意見を述べる。,Express an opinion.,5
御座る,be,小さな飲食ブースもございます。,There will be a small food and beverage booth.,5
立てる,"stand, set up, put up, erect, develop",俺たちが別の戦略を立てるなら。,If we develop a different strategy.,5
答える,"answer, reply",設問に正しく答える。,Answer the questions correctly.,5
働く,"work, labor, function, operate",朝から晩まで働く。,Work from morning till night.,5
送る,"send, dispatch, transmit, spend time",あの手紙をもう彼女に送ったのか。,Did you send that letter to her already?,5
始まる,"begin, start, commence",もうすぐ新学期が始まる。,The new school year will soon begin.,5
含む,"contain, comprise, include",この本には有益な情報が含まれている。,The book contains useful information.,5
起こる,"occur, happen",学校に騒動が起こった。,There was a commotion at the school.,5
関わる,"affected, influenced, have to do with",これは私の名誉に関わる問題だ。,This is a matter of my honor.,5
忘れる,forget,今日約束があるのを忘れていた。,I forgot I had an appointment today.,5
済む,"finish, end, completed",試験が済んだ。,The test was done.,5
笑う,laugh,彼はテレビを見ながらくっくっと笑った。,He chuckled as he watched television.,5
変える,"change, alter, transform vary, revise",家を事務所に変えるつもりだ。,I'm going to turn my house into an office.,5
引く,"pull, tug, lead, draw, subtract",いすを炉の側に引く。,Pull the chair to the side of the furnace.,5
売る,sell,けっこうもうけて売っています。,They are sold at a very good price.,5
進む,"advance, go forward, precede, go ahead, improve",作業は予定どおり進んでいる。,Work is proceeding as planned.,5
渡る,"go across, cross over, cross over, span",川を船で渡る。,Cross the river by boat.,5
選ぶ,"choose, select",出力用に選択したデータ列を選ぶ。,Choose the selected data column for output.,5
走る,"run, dash, race",彼はわたしより速く走ることができる。,He can run faster than I can.,5
現われる,"appear, show up, embody, materialize, expressed",満月が山の端に現れた。,A full moon appeared at the edge of the mountain.,5
住む,"live, reside, inhabit, dwell",私は都市に住むつもりです。,I intend to live in the city.,5
伝える,"convey, report, transmit, communicate",我々は言語で意思を伝える。,We communicate our intentions through language.,5
動く,"move, stir, shift, operate, run, work",身体の中でいろいろなものが動く。,Many things move in the body.,5
決める,"decide, choose, determine",実行する自動テストの種類を決める。,Determine the type of automated tests to run.,5
勧める,"recommend, advise, encourage, offer",なぜオンラインチケットの予約を勧めるのですか。,Why do you recommend booking tickets online?,5
気付く,"notice, realize",あなたは約4週間で違いに気付くはず。,You should notice a difference in about 4 weeks.,5
描く,"draw, paint, sketch, depict, imagine",絵を描くのが上手い。,He is good at painting.,5
覚える,"remember, memorize",物事を覚えるの生活の一部です。,It's part of life to remember things.,5
打つ,"hit, strike, beat",彼は日暮れまでに目標を打つ。,He hits his target by nightfall.,5
成す,"do, build, establish, form, accomplish, change into",成すべきことは更にある。,There is more to be done.,5
開ける,"open, unwrap, unlock, empty, make space",その時はドアを開けるだろう。,All they need to do is open the door.,5
向ける,"turn, face, point, aim, direct to, head to, allot",その事実に注意を向ける。,Turn one's attention to the fact.,5
殺す,"kill, slay, slaughter, suppress",感情を殺す。,Suppress one's emotions.,5
語る,"tell, talk about, speak of",経験を語る。,Talking about the experience.,5
信ずる,"believe, confide in, have faith in",く記録にとどめるべきものと信ずる。,We believe that the information should be recorded in a separate document.,5
合わせる,"match, unite, combine, check with",写真をフレームに合わせる。,Match the photo to the frame.,5
用いる,"use, make use of, utilise",当店の製品には添加物は一切用いていません。,We do not use any additives in our products.,5
連れる,"bring along, go with, accompanied by",彼は娘を連れて出掛けた。,He went out with his daughter.,5
異なる,"differ, vary, diverge, disagree",私は彼とは意見が異なる。,I don't share his views.,5
離れる,"separated, apart, distant, leave",姉と私は年が１０歳離れている。,My sister and I are 10 years apart in age.,5
残す,"leave behind, leave undone, leave, set aside",メッセージのコピーをサーバーに残す。,Leave a copy of the message on the server.,5
探す,"find, search for, look for, seek",適切な言葉を探す。,Find the right words.,5
至る,"arrive at, reach, attain, lead to, get to, come to, extend to",この道は白根を経て万座に至る。,This road leads to Manza via Shirane.,5
経つ,"pass, elapse",いつの間にか時間が経っていた。,"Before I knew it, time had passed.",5
似る,"resemble, look alike, similar",君はお父さんに顔がよく似ている。,You look a lot like your father.,5
守る,"protect, guard, defend, keep, abide",言論の自由を守る。,Protect freedom of speech.,5
困る,"troubled, have difficulty, bothered",道がわからなくて困った。,I had trouble finding my way around.,5
加える,"add, sum up, append, increase, include",給料に通勤手当が加えられた。,A commuting allowance was added to the salary.,5
調べる,"find out, examine, check up, investigate",損害を調べる。,Examine the damage.,5
生ずる,"produce, yield, cause",これらの現象は比較的女性に多く生ずる。,These phenomena occur relatively more frequently in women.,5
驚く,"surprised, astonished",その人の言葉には驚きました。,I was amazed at what he said.,5
失う,"lose, miss",意欲を失う。,Lose motivation.,5
合う,"match, fit, suit, merge, unite, meet",自分のサイズに合った服をさがす。,Find clothes that fit your size.,5
無くなる,"lost, missing, used up, run out",その規則は現在無くなっている。,That rule no longer exists.,5
増える,"increase, multiply",どの町にもコンビニが増えた。,Convenience stores have increased in every town.,5
上がる,"go up, come up, rise, ascend, go in, advance",火山から煙が上がっているのが見えた。,I could see smoke rising from the volcano.,5
起きる,"get up, wake up, occur",早く起きて顔を洗いなさい。,Get up early and wash your face.,5
座る,"sit, sit down, assume",老人は床に座っていた。,The old man was sitting on the floor.,5
聞こえる,"heard, audible",娘の呼ぶ声が聞こえた。,I heard my daughter calling.,5
思い出す,"remember, recall, recollect",忘れ物を思い出す。,Reminds me of something I forgot.,5
許す,"permit, allow, approve, forgive",ようやく面会が許された。,"Finally, I was allowed to see him.",5
落ちる,"fall, drop, come down, crash, sink",火事で土蔵が落ちた。,The storehouse fell in a fire.,5
繰り返す,"repeat, do something over again",何度も実験を繰り返してやっと成功した。,"After repeated experiments, they finally succeeded.",5
回る,"turn, rotate, revolve, spin, go around",扇風機が回っている。,The fan is spinning.,5
起こす,"raise , set up, wake up, cause to happen",夜中に電話で起こされた。,I was woken up in the middle of the night by a phone call.,5
通ずる,"lead to, be open, pass, flow, get through",幅広い論議を通ずる。,Through a wide range of debates.,5
決まる,"decided, settled, fixed, set, arranged",次の会議は４月10日に決まった。,The next meeting was set for April 10.,5
寝る,"sleep, go to bed, lie down",昨夜は何時に寝ましたか。,What time did you go to bed last night?,5
比べる,"compare, vie, compete",去年に比べて今年は収穫量が少ない。,"Compared to last year, this year's harvest is smaller.",5
限る,"limit, restrict, confine",この事業は予算が限られている。,This project has a limited budget.,5
振る,"shake, wave, swing, sprinkle, cast, allocate",ハンカチを振る。,Wave a handkerchief.,5
表わす,"show, display, reveal, represent, signify, express",考えたことを言葉で表す。,Express your thoughts in words.,5
通す,"run through, go through, pass, let pass",このコートは雨を通さない。,This coat does not let rain through.,5
致す,to do​,私がお持ち致しましょう。,Let me take it for you.,5
基づく,"based on, grounded on, accordance with, coming from",彼の指示に基づいて行動した。,I acted according to his instructions.,5
消える,"disappear, vanish, lost, turn off, go away",明かりが消えた。,The lights went out.,5
尋ねる,"ask, enquire, look for",地名の由来を尋ねる。,Ask about the origin of the place name.,5
見付ける,"find, discover, detect, spot, locate",本の内容に誤りを見つける。,Finding errors in the book's content.,5
触れる,"touch, feel, came in contact, touch on",それはちょっと触れただけでも壊れる。,It breaks at the slightest touch.,5
払う,pay,勘定を払う。,Pay the bill.,5
遊ぶ,"play, have a good time",私たちは懐かしい歌を歌って遊んだ。,We enjoyed ourselves by singing old songs.,5
頼む,"ask, beg, request, order",助力を頼む。,Asking for your help.,5
頑張る,"hang on, hold on to, persist, persevere",ここで頑張る理由はもうないんだ。,There's no reason to hang in there anymore.,5
抱く,"hold, embrace, hug, harbor",国の文化を抱く。,Embrace national culture.,5
楽しむ,"enjoy, take pleasure in",秋の味覚を楽しむ。,Enjoy the taste of autumn.,5
流れる,"flow, stream, run, drift, carried, lapse, circulate",川は市内を流れている。,The river flows through the city.,5
捨てる,"throw away, dump, damp, desert",不要になった本を捨てる。,Discard books that are no longer needed.,5
着る,"wear, put on, take",寒いからコートを着るべきだ。,You should wear a coat because it's cold.,5
迎える,"receive, welcome, greet",空港に人を迎える。,Meet a person at the airport.,5
取れる,"come off, go away, able to get",この戸棚はつまみが取れている。,The handle of this cupboard has come off.,5
押す,"push, press, affix",彼は肩でドアを押して入ってきた。,He pushed the door in with his shoulder.,5
超える,"cross over, pass over, exceed",それは人知を超えている。,It is beyond human knowledge.,5
並ぶ,"line up, stand in a line, rival",子供たちを並ばせる。,Get the kids in line.,5
定める,"decide, define, determine, establish",行き先を定める。,Determine the destination.,5
学ぶ,"learn, study, take lessons",生徒は家族に関する語彙と表現を学ぶ。,Students will learn vocabulary and expressions related to family.,5
頷く,nod,誰もが頷く美味しさです。,It is delicious that everyone nods.,5
通る,"go through, go past, travel along",駅の前を通る。,Passing by the station.,5
運ぶ,"carry, move, transport, convey",情報を運ぶ。,Carry information.,5
伴う,"accompany, go in hand, involved",雨はひどい風を伴った。,The rain was accompanied by terrible winds.,5
広がる,"spread, extend, expand, stretch",興味が広がる。,Expanding interests.,5
付き合う,"associate with, accompany, go out with",彼は彼女とこの数か月付き合っている。,He has been seeing her for the past few months.,5
泣く,cry,お金を落として泣きたくなった。,I dropped my money and wanted to cry.,5
進める,"advance, move forward, proceed",交渉を進める。,Proceed with negotiations.,5
繋がる,"connected, linked, lead to",将来案件形成に繋がることが期待されます。,It is expected to lead to deal formation in the future.,5
挙げる,raise,手を挙げるだけでよいのです。,All you have to do is raise your hand.,5
捉える,"catch, capture, seize, grab, grasp",あなたの心を捉えるように作られているからです。,Because it is designed to capture your heart.,5
見詰める,"stare at, gaze, watch intently",氷河の正面を見詰める。,Stare at the front of the glacier.,5
喜ぶ,"rejoiced, delighted, pleased",喜んでお手伝いいたします。,We will gladly assist you.,5
避ける,"avoid, ward off, put aside",危険を避ける方法はこれしかない。,This is the only way to avoid danger.,5
応ずる,"respond, answer",違った子供には違ったアプローチで応ずる。,Respond to different children with different approaches.,5
届く,"reach, touch, delivered, arrive",あの棚に手が届かない。,I can't reach that shelf.,5
近付く,"approach, draw near, get close",目的地に近付く。,Approaching the destination.,5
集まる,"gather, collect, assemble",大道芸人のまわりに人が集まった。,People gathered around the street performer.,5
いらっしゃる,"come, go, be",田中さんがいらっしゃいました。,Tanaka-san was there.,5
出掛ける,"go out, leave, depart",友達と出掛けると一緒に騒ぎましょう。,Go out with friends and have some fun.,5
眺める,"view, gaze, stare, look over, admire",景色を眺める。,Admire the scenery.,5
張る,"affix, stick, paste, put up, set up, stretch, spread, pitch",テントを張る。,Pitch a tent.,5
含める,include,彼らの名をリストに含めた。,I included their names in the list.,5
目指す,"aim at, try for, have an eye on, head for",女優を目指す。,Aiming to become an actress.,5
愛する,love,自然を愛する心。,A love for nature.,5
隠す,"hide, conceal",真実を隠す。,Hide the truth.,5
集める,"collect, assemble, gather",寄付金を集める。,Collect donations.,5
食う,"eat, consume, live, make a living",パンを全部食うのか。,Are you going to eat all your bread?,5
飛ぶ,"fly, soar, jump, leap, flee",鳥が飛んでいる。,Birds are flying.,5
齎す,"bring, introduce, bring about",人に幸運を齎す。,It brings good luck to people.,5
叫ぶ,"shout, scream, yell",痛みのあまり叫ぶ。,He screams in pain.,5
逃げる,"escape, run away, flee, evade",その猫は私を見るやさっと逃げた。,"As soon as the cat saw me, it quickly ran away.",5
抜く,"pull out, draw out, extract, omit",指に刺さったとげを抜く。,Remove the thorn stuck in your finger.,5
落とす,"drop, let fall, cast",紅茶にブランデーを落とす。,Drop brandy into the tea.,5
暮らす,"live, get along, spend time",田舎は暮らしやすい。,The countryside is easy to live in.,5
降りる,"get off, alight, descend, step down",次が君の降りる駅です。,The next station is where you get off.,5
果たす,"fulfill, achieve, accomplish, do completely",我々の目的を果たす発想だ。,It's an idea that serves our purpose.,5
記す,"noted, written, jot down, mention, describe",この詳細とその後の状況を記す。,The details of this and subsequent situations are noted.,5
生む,"give birth, bear, lay, produce, yield",よい結果を生む。,Produce good results.,5
問う,"ask questions, inquire",彼にもう一杯いかがかと問う。,I ask him if he would like another drink.,5
止まる,"stop, halt, cease",この風潮はどこで止まるのでしょうか。,Where will this trend stop?,5
掴む,"seize, catch, grab, grip, grasp, hold, get, acquire",彼はそれを掴んでぎゅっと握りしめた。,He grabbed it and squeezed it.,5
返す,"return, restore, put back, turn over",読んだら本を元の場所へ返しておいてください。,Please return the book to its original location after reading it.,5
過ごす,"spend, pass, overdo",休暇をどこで過ごすつもりか。,Where do you plan to spend your vacation?,5
追う,"chase, run after, pursue, follow, drive out",監視カメラが彼らの行動を最初からずっと追っていた。,Surveillance cameras followed their every move from the beginning.,5
扱う,"handle, treat, deal with, operate, manage",ここはより差し迫った問題を扱う。,Here we deal with more pressing issues.,5
眠る,"sleep, rest, lie idle",男性と女性とは別に眠る。,Men and women sleep separately.,5
及ぶ,"reach, amount to, befall, happen to, come up to",その車の最高速度は時速 250 キロに及ぶ。,The car has a top speed of 250 kilometers per hour.,5
怒る,"get angry, get mad, scold",彼はちらっと見て彼女が怒っているのを知った。,He glanced over and knew she was angry.,5
要する,"take, need, demand, require",よほどの熟練を要する仕事だ。,It is a job that requires a great deal of skill.,5
結ぶ,"tie, bid, link, connect, bear, close",このバス路線は２都市を結んでいる。,This bus line connects the two cities.,5
図る,"plan, attempt, devise, plot, scheme, seek",市場の拡大を図っている。,We are trying to expand the market.,5
歌う,sing,皆の前で歌うのは全く別物です。,Singing in front of everyone is a completely different thing.,5
乗せる,"place on, get on board, give a lift, send out",空港までお乗せしましょう。,Let me give you a ride to the airport.,5
申す,"say, be called, do",和歌山県在住の小川と申します。,My name is Ogawa living in Wakayama Prefecture.,5
支える,"support, prop, sustain, hold up",家計を支える。,Supporting the household budget.,5
黙る,be silent,,,5
受け取る,receive,,,5
抱える,hold,,,5
叩く,tap,,,5
渡す,give,,,5
育てる,bring up,,,5
借りる,borrow,,,5
受け入れる,accept,,,5
動かす,move,,,5
分ける,share,,,5
立ち上がる,stand up,,,5
訪れる,"visit, call on, arrive, come",,,5
当てる,"hit, expose, apply, put, allot, guess",,,5
巡る,go around,,,5
焼く,bake,,,5
伸ばす,extend,,,5
出会う,encounter,,,5
助ける,help,,,5
望む,hope,,,5
通う,go through,,,5
見付かる,find,,,5
上る,go up,,,5
亡くなる,pass away,,,5
落ち着く,settle down,,,5
纏める,settle down,,,5
抜ける,leave,,,5
取り上げる,take up,,,5
構う,"mind, care about, meddle",,,5
戦う,fight,,,5
達する,reach,,,5
悩む,worry,,,5
洗う,wash,,,5
疲れる,"get tired, exhausted, fatigued",仕事と家事の両立に疲れる。,Tired of balancing work and household chores.,5
着く,"arrive, reach",いま博多に着いた。,I just arrived in Hakata.,5
喋る,"talk, chat",何について喋るんですか。,What are you going to talk about?,5
慣れる,"get used to, accustomed, skilled in",北海道の寒さに慣れる。,Get used to the cold in Hokkaido.,5
流す,"flush, drain, wash away, circulate",下水に油を流してはいけない。,Do not pour oil down the sewer.,5
握る,"hold, grip, press into shape",鍋の取っ手を軽く握る。,Grip the handle of the pot lightly.,5
減る,"decreased, diminished, abated",体重がちっとも減らない。,I am not losing any weight.,5
下げる,"lower, reduce, hang, suspend",室温を下げる。,Reduce the room temperature.,5
占める,"occupy, hold, take up, account for",社会に地歩を占める。,Have a footing in society.,5
優れる,"surpass, outstrip, excel",この繊維は保温力が優れている。,This fiber has excellent heat retention properties.,5
包む,"wrap, pack, bundle, cover",プレゼント用に包んでください。,Please gift-wrap them for me.,5
吐く,"exhale, breathe out, throw up",鼻から吸って口から吐く。,Inhale through the nose and exhale through the mouth.,5
消す,"erase, rub off, delete, turn off, extinguish",黒板の字を消す。,Erase the writing on the blackboard.,5
覗く,"peek, look down into",開いていたハッチから外を覗く。,Peeking out through the open hatch.,5
勝つ,"win, gain victory",議論では彼に勝てない。,You can't beat him in an argument.,5
浮かぶ,"float, suspended, rise to surface, come to mind, emerge",名案がふと頭に浮かんだ。,A good idea suddenly popped into my head.,5
去る,"leave, go away, pass, elapse",彼らはまもなく東京を去るということだ。,It means they will be leaving Tokyo shortly.,5
回す,"turn, rotate, spin, twist, pass around, circulate",ベースを回すだけでセット可能です。,Can be set by simply turning the base.,5
除く,"remove, eliminate, eradicate, exclude",じゃまにならぬよう障害物を除く。,Remove obstacles so that they do not interfere with the process.,5
育つ,"grow, brought up, raised",米は暖かい気候のところで育つ。,Rice grows in warm climates.,5
終える,"finish, graduate",あなたはすぐに宿題を終えるべきです。,You should finish your homework immediately.,5
外す,"remove, take off, undo, deinstall, leave",眼鏡を外す。,Remove glasses.,5
呟く,"mutter, murmur, tweet",彼女はいつも一人で呟いている。,She is always muttering to herself.,5
向く,"face, turn towards, fit for",皆の目がバスケットボールに向いている。,Everyone's eyes are on the basketball.,5
負ける,"lose, defeated, give in, yield",彼はまだ一度も負けたことがない。,He has never lost a game yet.,5
要る,"need, want",全部調べるにはもっと時間が要る。,I need more time to look into all of them.,5
恐れる,"fear, afraid of",人は理解できない事を恐れる。,People fear what they do not understand.,5
直す,"fix, repair. mend, correct",道路を直す。,Fix the road.,5
設ける,"set up, establish, prepare, provide",事務所を設ける。,Set up an office.,5
支払う,pay,我々はまた船積みおよび国境手数料を支払う。,We also pay shipping and border fees.,5
迫る,"press, urge, compel, draw near, approach, imminent",試合はあと１週間後に迫った。,The game was only a week off.,5
経る,"pass, elapse, undergo, go through",各種の職業を経る。,He goes through various occupations.,5
振り返る,"turn around, look back, reminisce",その瞬間を振り返ることはさらに大変です。,It is even harder to look back on that moment.,5
断る,"refuse, reject",私にとって彼の要求を断るのは困難だった。,It was difficult for me to refuse his request.,5
誘う,"invite, ask, tempt, lure",我々は素晴らしい食事を楽しむように誘う。,We invite you to enjoy a wonderful meal.,5
越える,"cross over, go beyond",現存の技術を遥かに越える。,It goes far beyond existing technology.,5
取り出す,"take out, produce, fetch, retrieve",操作に必要な電力を取り出す。,Extract the power needed for operation.,5
急ぐ,"hurry, rush, hasten",私達何か特に急ぐ理由がある。,私達何か特に急ぐ理由がある。,5
慌てる,"hurry, rush, flustered, panic",どんな時でも彼は慌てない。,At all times he does not panic.,5
訴える,"raise, bring to, appeal, complain",患者は苦痛を訴えた。,The patient complained of pain.,5
命ずる,"order, command, appoint",彼は帰国を命じられた。,He was ordered to return home.,5
有する,have,,,5
別れる,part,,,5
伝わる,transmitted,,,5
参る,go to,,,5
尽くす,devote oneself to,,,5
移る,move,,,5
告げる,tell,,,5
仰る,tell,,,5
詰まる,at one's wits' end,,,5
下ろす,bring down,,,5
広げる,spread,,,5
任せる,leave to,,,5
掻く,scratch,,,5
戻す,bring back,,,5
休む,rest,,,5
遅れる,delay,,,5
重ねる,repeat,,,5
足りる,be enough,,,5
見なす,overlook,,,5
間違う,make a mistake,,,5
閉じる,close,,,5
保つ,keep,,,5
吸う,suck,,,5
諦める,"give up, abandon",,,5
耐える,"endure, bear, fit for",,,5
訪ねる,"to visit, call on",,,5
生かす,keep alive,,,5
下がる,step back,,,5
確かめる,make sure,,,5
鳴る,sound,,,5
目立つ,"stand out, noticeable",,,5
掲げる,"publish, print, put up",,,5
移す,"move, change, transfer, infect",,,5
並べる,arrange,,,5
高める,raise,,,5
奪う,take away,,,5
被る,"wear, put on",あわてて帽子を被った。,Hastily put on his hat.,5
疑う,"doubt, distrust, suspect",彼は私の言葉を疑った。,He doubted my words.,5
履く,"put on, wear",靴下を履く。,Wear socks.,5
生み出す,"create, bring forth, produce, invent",新しい英語教授法を生み出す。,Creating a new way of teaching English.,5
迷う,"go astray, get lost, lose one's way, waver",どうも道に迷ったようだ。,"Apparently, I got lost.",5
襲う,"attack, assail, assault, strike, succeed",吹雪が島を襲った。,A blizzard hit the island.,5
発する,"emit, utter, produce, let out, discharge, issue, depart",症状を発するまで時間がかかる。,It takes time for symptoms to emerge.,5
挟む,"grip, pinch, hold between, catch, insert",ピンセットで切手を挟む。,Hold a stamp with tweezers.,5
登る,"climb, ascend, go up",リスはすばしこく木を登る。,Squirrels are quick to climb trees.,5
属する,"belong to, come under, affiliated with",経理部門に属するする社員。,Employees belonging to the accounting department.,5
繋ぐ,"connect, link together",東横線は渋谷と横浜を繋ぐ路線です。,The Toyoko Line connects Shibuya and Yokohama.,5
降る,"fall, come down, descend",雨が降りそうだ。,It looks like it's going to rain.,5
組む,"cross, link, assemble, put together, unite",特別番組を組む。,Put together a special program.,5
取り組む,"tackle, grapple with, engage in",新商品の開発に取り組んでいる。,We are working on the development of new products.,5
負う,"bear, carry, shoulder, take",責任を負う。,Bear the responsibility.,5
載る,"set on, placed on, piled on, appear on",君の名が顧客リストに載っている。,Your name is on the client list.,5
倒れる,fall,,,5
撮る,take,,,5
響く,echo,,,5
応える,respond,,,5
留まる,stay,,,5
指す,point,,,5
接する,come in contact with,,,5
狙う,aim,,,5
救う,save,,,5
満たす,fill,,,5
伸びる,extend,,,5
説く,preach,,,5
貸す,lend,,,5
加わる,join,,,5
絶える,cease,,,5
覆う,"cover, hide, conceal",雪が地面を覆った。,Snow covered the ground.,5
務める,"serve in-as, work for, employed at, fill in, play the role of",彼は交渉の席で主役を務めた。,He played a leading role in the negotiations.,5
利く,"effective, take effect, works, function well",この薬は頭痛によく効く。,This medicine works well for headaches.,5
分かれる,divide,,,5
下る,descend,,,5
止む,stop,,,5
見掛ける,"happen to see, notice, catch sight of",昨日図書館で彼女を見掛けた。,I saw her at the library yesterday.,5
窺う,"peek, peep through, examine, await, infer",鍵の穴から中を窺う。,Peek inside through the keyhole.,5
輝く,shine,,,5
招く,invite,,,5
寄せる,bring near,,,5
抑える,restrain,,,5
沿う,follow,,,5
溢れる,overflow,,,5
空く,empty,,,5
光る,shine,,,5
称する,praise,,,5
促す,urge,,,5
込める,put into,,,5
存ずる,exist,,,5
囲む,surround,,,5
塗る,paint,,,5
防ぐ,prevent,,,5
論ずる,discuss,,,5
押さえる,seize,,,5
注ぐ,pour,,,5
引っ張る,pull,,,5
切れる,cut,,,5
陥る,fall,,,5
数える,count,,,5
隠れる,hide,,,5
咲く,bloom,,,5
高まる,rise,,,5
備える,prepare,,,5
作り出す,create,,,5
見出だす,find,,,5
浮かべる,imagine,,,5
申し上げる,suggest,,,5
寄る,come close to,,,5
味わう,taste,,,5
叱る,scold,,,5
辞める,quit,,,5
整える,prepare,,,5
増す,increase,,,5
震える,shake,,,5
代わる,replace,,,5
辿る,trace,,,5
試す,try,,,5
吹く,blow,,,5
好む,like,,,5
踊る,dance,,,5
巻く,wind,,,5
積む,pile,,,5
増やす,"increase, add to, augment",資本金を増やす。,Increase capital.,5
痩せる,"lose weight, reduce weight",この２か月間で３キロ痩せた。,She has lost three kilograms in the past two months.,5
飾る,"decorate, ornament, adorn, exhibit, garnish, embellish",テーブルに花を飾る。,Decorate the table with flowers.,5
飼う,"keep, have, own, raise",本物のペットを飼うべきね。,You should get a real pet.,5
揃う,"have all of them, complete, make a full set, satisfied",欲しかった品物は全部揃った。,I got all the items I wanted.,5
噛む,"bite, chew, gnaw",僕らがカニを噛むんじゃないよ。,And I don't mean chewing the crabs.,5
堪る,"endure, bear",その少年は新しい自転車が欲しくて堪らなかった。,The boy couldn't endure have a new bicycle.,5
測る,measure,溶液の濃度を測る。,Measure the concentration of the solution.,5
頼る,"rely on, depend on, count on",教授は有能な助手に頼りきっていた。,Professors relied on competent assistants.,5
嫌う,"dislike, hate, loathe",その子は牛乳を嫌って飲もうとしなかった。,The child hated milk and would not drink it.,5
治る,"heal, cured, et well, mended, fixed",これらの錠剤を飲めば腹痛は治るでしょう。,These tablets will cure the abdominal pain.,5
探る,"explore, search, probe into",解決の糸口を探る。,Search for a key to the solution.,5
満ちる,"fill, become full, brim with",喜びに満ちた表情。,An expression full of joy.,5
映る,"reflected, projected, displayed",山々が湖水に映っていた。,Mountains were reflected in the lake.,5
踏む,"step on, tread on, undergo, follow",雪を踏んで道を作る。,Treading on snow to make a path.,5
突く,"poke, prick, stab, thrust, nudge",横腹を突く。,Poke someone in the side.,5
触る,touch,作品に触ることができる。,You can touch the artworks.,5
遭う,encounter,困難に遭う。,Encounter difficulties.,5
溜まる,accumulate,内部にゴミが溜まる。,Debris accumulates inside.,5
泊まる,stay,今晩は友人の家に泊まる。,I'm staying at a friend's house tonight.,5
交ぜる,"mix, stir, blend",薬液と蒸留水を混ぜる。,Mix the chemical solution with distilled water.,5
飛び出す,"pop out, jump out, rush out, appears, project, butt in",部屋から飛び出す。,Rush out of a room.,5
埋める,"fill, bury, cover, bridge, make up for",余白は挿し絵で埋めよう。,Let's fill the blank space with an illustration.,5
褒める,"praise, commend, compliment",先生はその少年の勇気を褒めた。,The teacher praised the boy for his courage.,5
収める,"pay, dedicate, supply, put in-away-back, gain, fit in",利益を収める。,Gain a profit.,5
見上げる,"look up, admire",天井を見上げる。,Look up at the ceiling.,5
晒す,"expose, refine, bleach",炎天に晒される。,Exposed to the blazing sun.,5
放つ,"fire, shoot, release, set free, emit",この花は強い香りを放つ。,This flower gives off a strong fragrance.,5
勤める,"work, serve, act as, play the role",昼間は大病院に勤める医者。,"By day, he is a doctor working at a large hospital.",5
解く,"untie, unfasten, release, dismiss, undo, solve, clear up",その問題を解くのは難しい。,Solving that problem is difficult.,5
浴びる,"bathe in, bask in, flooded with, showered with",シャワーを浴びる。,Take a shower.,5
成り立つ,"consist of, be made up of, composed of",社会は個人から成り立っている。,The community is made up of individuals.,5
拭く,"wipe, dry",彼女はタオルで顔を拭いた。,She wiped her face with a towel.,5
漂う,"drift, float, hang in the air, wander",春の花の香りが漂っていた。,The scent of spring flowers was in the air.,5
苦しむ,"suffer, groan, be worried",歯痛に苦しんでいる。,He is suffering from toothache.,5
犯す,"commit, perpetrate, break, violate",貧困のために人々は時に犯罪を犯すことがある。,People sometimes commit crimes because of poverty.,5
築く,"build, construct, erect, lay, amass",研究の基礎を築。,Laying the foundation for research.,5
結び付く,"joined, related, connected, result in, lead to",両事件はどこかで結び付いているに違いない。,Both cases must be connected somehow.,5
交わす,"exchange, intersect, cross, interlace",朝のあいさつを交わす。,Exchange morning greetings.,5
反する,"contradict, oppose",彼らの行為はこの運動の趣旨に反している。,Their actions are contrary to the purpose of this movement.,5
話し合う,"discuss, talk together",旅行の計画を話し合った。,We discussed travel plans.,5
担う,"bear, shoulder, carry, take upon oneself",校務の責任を担っている。,He is responsible for school affairs.,5
導く,"guide, lead, show the way, conduct, derive",彼は我々を奥の院に導いた。,He led us to the inner sanctuary.,5
無くす,"lose, eliminate, get rid of, abolish",その本には興味を無くした。,I lost interest in that book.,5
引き受ける,"take over, take on, undertake, vouch for, contract",仕事を一手に引き受ける。,He takes on the job single-handedly.,5
次ぐ,"follow, come after, come next",彼女は彼に次ぐ地位にいる。,She is second in rank to him.,5
壊れる,"break, broken, fall apart, stop working, fall through",地震で橋が壊れて落ちた。,The bridge broke and fell during the earthquake.,5
放る,"throw, fling , toss, release, leave undone",犬に肉片を放ってやった。,He threw a piece of meat to the dog.,5
敷く,"lay out, spread out, cover, lay, impose widely",床にカーペットを敷いた。,They laid the carpet on the floor.,5
差し出す,"present, submit, tender, hold out",彼女は手を差し出した。,She held out her hand.,5
受け止める,"catch, stop the blow, react to, accept",ボールを片手で受け止めた。,He caught the ball with one hand.,5
下す,"make a decision, give an order, hand down a verdict",専門家はその絵に高い評価を下した。,Experts gave the painting high marks.,5
試みる,"try, attempt, have a go",彼は来年はエベレスト登山を試みる。,He will attempt to climb Mount Everest next year.,5
載せる,"put on, place on",トッピングにはホイップクリームを載せるとか。,They could put whipped cream on the topping.,5
太る,"gain weight, become fat",私はだんだん太ってきた。,I am getting fatter and fatter.,5
効く,"be effective, show effect, do its work",この薬は風邪にはてきめんに効く,This medicine works wonders for the common cold.,5
唱える,"chant, recite, yell, advocate, advance",彼は減税を唱えた。,He advocated tax cuts.,5
造る,"build, create, make, produce",高い品質の酒を造るには欠かせない。,It is essential for creating high quality sake.,5
伺う,"ask, inquire, hear, be told, implore, visit",この問題についてご意見を伺いたい。,I would like to ask your opinion concerning this problem.,5
揺れる,"shake, sway, waver",列車が通ると家が揺れる。,The house shakes when a train passes by.,5
預ける,"leave, put, place, entrust, deposit",銀行にそのお金を預けてください。,Please deposit the money in a bank.,5
捲る,"turn up, roll up, do over and over again",彼女は着物のすそを捲って波打ち際を歩いた。,She rolled up the hem of her kimono and walked along the edge of the surf.,5
取り戻す,"take back, get back, regain, recover, restore",町は平静を取り戻した。,The town regained its calm.,5
引き上げる,"pull up, lift up, drag up, increase, raise, pull out",そのため税金を10%に引き上げる。,"Therefore, raise the tax to 10%.",5
役立つ,"helpful, useful, serve the purpose",つまり、アイテムの識別に役立つか。,"In other words, does it help to identify the item?",5
話し掛ける,"talk to someone, address",彼に話し掛けるほうがよいだろう。,彼に話し掛けるほうがよいだろう。,5
出でる,"go, come",,,5
燃える,"burn, get fired up",建物は火事で燃えてしまった。,The building was burned in a fire.,5
出来上がる,"completed, finished, ready",食べ物が出来上がるまでのわずかな時間に。,In just a few moments before the food is ready.,5
飛び込む,"dive, jump in, plunge into, burst in, barge in",男は橋から川に飛び込んだ。,The man jumped from the bridge into the river.,5
絞る,"squeeze, extract, press",優しく被災地にオイルを絞る。,Gently squeeze oil on the affected area.,5
脱ぐ,"take off, undress",洋服を脱ぐ。,Take off your clothes.,5
離す,"separate, part, divide",もっと距離を離しておけ。,Move it further away.,5
生える,"grow, sprout",庭一面に雑草が生えている。,Weeds are growing all over the garden.,4
濡れる,get wet,朝露に濡れる。,Wet with morning dew.,4
返る,"return, come back, go back",この問題が発生すると検索結果が返るまで長い時間がかかります。,"When this problem occurs, it takes a long time for search results to be returned.",4
持ち込む,"bring in, take in, carry in, approach, propose",飲食物をホテルに持ち込む。,Bring food and beverages to the hotel.,4
取り入れる,"take in, gather, harvest, reap, adopt, introduce",日本は西洋技術を急速に取り入れた。,Japan rapidly adopted Western technology.,4
込む,"crowded, packed, congested, go into",劇場はひどく込んでいた。,The theater was terribly crowded.,4
曲がる,"bend, curve, warp, twist, wind, turn, skew",そこで道が左へ曲がっている。,There the road turns to the left.,4
祈る,"pray, wish, hope",彼は熱心に家内安全を祈った。,He prayed fervently for the safety of his household.,4
投げる,"throw, hurl, fling, toss, cast, give up",猫に石を投げるな。,Don't throw stones at cats.,4
稼ぐ,"earn, make, score, gain, labor, play for",一度に楽しんで本当のお金を稼ぐ。,Have fun at once and make real money.,4
押し付ける,"press against, push against, impose",責任を人に押し付ける。,Push the responsibility on others.,4
剥く,"peel, skin, pare, strip, bare",みかんの皮を剥く。,Pell the oranges.,4
吊る,"hang, suspend, put up, sling",夜に蚊帳をどう吊るかもね。,You might hang mosquito nets at night.,4
崩れる,"collapse, crumble, get out of shape, crash",天井が崩れた。,The ceiling collapsed.,4
湧く,"spring out, well up, surge, appear",岩の間から清水が湧いている。,Fresh water is gushing from between the rocks.,4
外れる,"come off, be off, get out of place, get it wrong",ボタンが一つ外れているよ。,One of your buttons is off.,4
拘る,"stick to, fuss over, obsessive about, particular about",細かいことに拘る。,Fuss over small details.,4
構える,"set up, establish, run, stand ready",大通りに店を構えている。,They have a store on the main street.,4
重なる,"pile up, overlap, accumulate",箱がたくさん重なっている。,Many boxes are stacked on top of each other.,4
汚れる,"get dirty, corrupted",,,4
習う,to learn,,,4
預かる,"take care of, entrusted with",,,4
引き起こす,"to cause, induce, help up",,,4
控える,"refrain, hold back",,,4
追い掛ける,"chase, pursue",,,4
嘗める,lick,,,4
破る,"break, tear, rip",,,4
殴る,"strike, hit",,,4
弾く,"play, flick",,,4
手伝う,help,,,4
及ぼす,influence,,,4
拾う,pick up,,,4
騙す,cheat,,,4
思い切る,make the most of,,,4
引き出す,draw out,,,4
差す,imply,,,4
演ずる,play,,,4
逃れる,escape,,,4
煮る,boil,,,4
揃える,prepare,,,4
熟す,ripen,,,4
突き込む,thrust into,,,4
微笑む,smile,,,4
欠ける,chip,,,4
刺す,pierce,,,4
思い込む,think,,,4
届ける,deliver,,,4
際する,take the time to,,,4
減らす,reduce,,,4
背負う,carry on one's back,,,4
下りる,descend,,,4
擦る,"rub, scrub, chafe, scrape, struck, lose",,,4
潜る,"go under, go through",,,4
譲る,"yield, give up, transmit",,,4
漏らす,"let out, leak, reveal",,,4
泳ぐ,swim,,,4
間違える,make a mistake,,,4
ぶつかる,"bump into, run into",,,4
浮く,"float, loose, unsteady, merry",,,4
謝る,apologize,,,4
思い付く,"think of, come into mind, recall",,,4
沈む,"sink, submerged, set",,,4
漏れる,"leak out, escape, left out",,,4
滑る,"slide, glide, slip, fall, fail",,,4
割る,"divide, break, cut, split",,,4
入り込む,"get in, come in, penetrate",,,4
配る,"distribute, deliver, allot",,,4
鳴く,make a sound,,,4
駆る,drive,,,4
継ぐ,join together,,,4
籠もる,shut oneself up,,,4
騒ぐ,"make noise, rustle, rustle",ここではそんなに騒ぐな。,Don't make so much noise here.,4
刻む,"mince, cut fine, chop, carve, engrave",にんじんを細かく刻む。,Chop carrots finely.,4
留める,stop,,,4
盗む,steal,,,4
詰める,pack,,,4
膨らむ,swell,,,4
辿り着く,arrive at,,,4
施す,apply,,,4
飲み込む,swallow,,,4
帯びる,take in,,,4
作り上げる,build up,,,4
照らす,illuminate,,,4
名乗る,name,,,4
名付ける,name,,,4
磨く,polish,,,4
解する,interpret,,,4
添える,accompany,,,4
見守る,watch over,,,4
努める,try to,,,4
助かる,be saved,,,4
恵まれる,be blessed,,,4
見回す,look around,,,4
引き摺る,drag,,,4
率いる,lead,,,4
改める,change,,,4
怒鳴る,shout,,,4
鳴らす,make a sound,,,4
壊す,break,,,4
傷付ける,"hurt, injure, damage",,,4
巻き込む,"roll up, enfold, involve",,,4
乗り込む,"get into, broad, embark",,,4
潰す,"crush, smash, shut down",,,4
振るう,"shake, swing, wield, exhibit",,,4
囁く,"whisper, murmur, rumor",,,4
然り,so on and so forth,,,4
傾ける,tilt,,,4
付け加える,add,,,4
蘇る,revive,,,4
見張る,watch,,,4
指差す,point to,,,4
遡る,go back,,,4
乾く,dry,,,4
足る,be enough,,,4
倒す,bring down,,,4
持ち出す,take out,,,4
引き取る,take back,,,4
狂う,go mad,,,4
仕える,serve,,,4
絡む,entangle,,,4
固める,harden,,,4
痛む,hurt,,,4
踏まえる,catch yourself,,,4
振り向く,turn around,,,4
係る,pertain to,,,4
果てる,finish,,,4
炊く,cook,,,4
覗き込む,"look into, peek into",,,4
染みる,"pierce, soak in, sting",,,4
欠かす,"miss, fail",,,4
謳う,"celebrate, declare, express",,,4
貫く,"go through, pierce, persist",,,4
飽きる,"get tired of, lose interest in",,,4
酔う,"get drunk, nauseated",,,4
さす,make,,,4
読み取る,read,,,4
取り込む,take in,,,4
閉める,close,,,4
蹴る,kick,,,4
悟る,realize,,,4
贈る,give,,,4
雇う,hire,,,4
銜える,hold in one's mouth,,,4
乗り出す,embark,,,4
呼び掛ける,call out,,,4
営む,run a business,,,4
傷付く,scratch,,,4
溶ける,melt,,,4
駆け付ける,rush to,,,4
片付ける,"clean up, tidy up, put in order",部屋を片付ける。,Clean up the room.,4
治まる,"subside, die down, calm down, cool off, abate, settled",インフレがようやく治まった。,Inflation has finally subsided.,4
察する,"sense, guess, presume, judge, sympathize with",口ぶりから察すると彼は名門の出らしい。,"From the way he talks, it seems he comes from a prestigious family.",4
誤る,"make a mistake or error, wrong, incorrect, misplaced",解釈を誤る。,Msinterpret.,4
睨む,"stare at, glare at, stare, keep an eye, guess, judge",彼は私を睨んだ。,He stared at me.,4
整う,"arranged, prepared, ready, in order, regulated",旅行の準備は全て整いましたか。,Is everything ready for your trip?,4
歩む,"walk, go on foot, lead, follow, set out, advance towards",人生の旅路は一人ぼっちで歩むものではありません。,The journey of life is not one to be walked alone.,4
植える,"plant, grow, rise, insert, implant, transplant, instill",彼女は庭で花を植えている。,She plants flowers in her garden.,4
這う,"crawl, creep, trail, spread",赤ちゃんは部屋に這ってきた。,The baby crawled into the room.,4
争う,"fight, compete, contend, contest, dispute",私は彼と優勝を争った。,I competed with him for the championship.,4
言い替える,"rephrase, reword",言い替えると人件費である。,"In other words, it is a labor cost.",4
欠く,"lack, chip, nick, crack, break",転んで前歯を欠いた。,He fell and chipped his front tooth.,4
焦る,"hurry, flustered, panic",締切りは明後日だからそう焦るな。,"The deadline is the day after tomorrow, so don't be in such a hurry.",4
削る,"cut down, curtail, shave, sharpen, scrape off",予算をばっさり削る必要がある。,The budget needs to be cut drastically.,4
茹でる,boil,タラに火が通るまで中火で茹でる。,Boil over medium heat until cod is cooked through.,4
据える,"set, place, fix, lay, install",舞台の中央にピアノを据える。,A piano is set in the center of the stage.,4
縛る,"bind, tie, fasten, restrict, tie down",人質の手足を縛る。,Bind the hostage's hands and feet.,4
結び付ける,"tie on, join, combine, bind, link",労働と分配を結び付けることに帰着する。,It comes down to linking labor to distribution.,4
誇る,"boast of, proud of, take pride in",高いシェアを誇る商品。,Products with a high market share.,4
捧げる,"lift up, hold up, dedicate, offer",目の上に捧げる。,Hold up above eye level.,4
掘る,"dig, excavate",井戸を掘る。,Dig a well.,4
祭る,"celebrate, enshrine, pray, worship",祖先の霊を祭る。,Hold a ceremony for the repose of one's ancestors.,4
締める,"tie, fasten, tighten, wear, strict with",シートベルトをお締めください。,Please fasten your seat belt.,4
裏切る,betray,,,4
取り付ける,attach,,,4
立ち止まる,stop,,,4
遂げる,accomplish,,,4
逃げ出す,escape,,,4
温める,warm,,,4
聞かす,listen to,,,4
見下ろす,look down on,,,4
間に合う,get there in time,,,4
飛ばす,fly,,,4
乗り越える,get over,,,4
書き込む,write,,,4
怯える,be frightened,,,4
苛める,torment,,,4
見送る,see off,,,4
似合う,suit,,,4
呆れる,be amazed,,,4
焼ける,burn,,,4
引っ掛かる,catch,,,4
治す,heal,,,4
建つ,erect,,,4
冷める,cool down,,,4
流行る,go viral,,,4
落ち込む,fall,,,4
劣る,be inferior,,,4
取り除く,remove,,,4
撫でる,caress,,,4
免れる,be spared,,,4
嵌まる,fit,,,4
心掛ける,set one's mind on,,,4
課する,impose,,,4
崩す,break,,,4
ばれる,be found out,,,4
明ける,open,,,4
捕らえる,catch,,,4
見直す,review,,,4
面する,face,,,4
呼び出す,call,,,4
目覚める,wake up,,,4
取り扱う,handle,,,4
上回る,surpass,,,4
写る,picture,,,4
干す,dry,,,4
切り替える,switch,,,4
捕らわれる,be caught,,,4
適する,fit,,,4
越す,go over,,,4
纏まる,get together,,,4
禁ずる,forbid,,,4
委ねる,entrust,,,4
採る,take,,,4
染める,dye,,,4
引き継ぐ,"take over, hand over",私の息子が仕事を引き継ぐだろう。,My son would take over the job.,4
深める,deepen,理解を深めるために以下の例を参照ください。,See examples below for a better understanding.,4
覚める,awaken,,,4
延びる,extend,,,4
転がる,roll,,,4
補う,compensate,,,4
潜める,hide,,,4
給う,supply,,,4
責める,chastise,,,4
折れる,break,,,4
称える,praise,,,4
折る,break,,,4
知り合う,get to know each other,,,4
打ち込む,hammer in,,,4
持ち上げる,lift up,,,4
励ます,encourage,,,4
潜む,hide,,,4
摘む,"to pinch, pluck, pick up",,,4
固まる,"to harden, solidify, become firm, certain",,,4
思い浮かべる,"to call to mind, contemplate",,,4
傾げる,"to lean, incline, tilt",,,4
盛り上がる,"to rise, swell, bulge, rouse, piled up",,,4
転ずる,turn,,,4
打ち明ける,confide in,,,4
組み合わせる,combine,,,4
盛る,heap,,,4
撒く,scatter,,,4
鍛える,forge,,,4
富む,enrich,,,4
伏せる,lie down,,,4
見当たる,find,,,4
退ける,retreat,,,4
馴染む,get used to,,,4
攻める,attack,,,4
見逃す,"miss, overlook, ignore pass up",,,4
受け継ぐ,"inherit, succeed, take over",,,4
冷やす,"cool, chill, refrigerate, cool down, calm down",,,4
振り込む,"remit, transfer money ",,,4
晴れる,"clear up, be sunny, refresh, dispelled",,,4
訳す,"translate, interpret",,,4
生き残る,survive,,,4
尖る,be sharp,,,4
叶う,fulfill,,,4
退く,retreat,,,4
臨む,face,,,4
浮かび上がる,emerge,,,4
憎む,hate,,,4
強める,strengthen,,,4
甘える,"behave like a spoiled child, depend on",,,4
強いる,"force, compel, coerce",,,4
散る,"scatter, fall, disperse, spread",,,4
曲げる,"bend, curl, tilt, twist",,,4
浸かる,"soaked, submerged, pickled, seasoned",,,4
仕掛ける,"start, set up, lay",,,4
引き返す,"turn back, go back, send back, bring back, repeat",,,4
横たわる,lie down,,,4
見渡す,look out over,,,4
物語る,tell a story,,,4
腐る,rot,,,4
堪える,endure,,,4
携わる,engage in,,,4
供える,offer,,,4
尽きる,run out,,,4
向き合う,face,,,4
養う,nourish,,,4
嘆く,lament,,,4
拒む,refuse,,,4
納める,subdue,,,4
思い掛ける,contemplate,,,4
断つ,refuse,,,4
抱き締める,embrace,,,4
吸い込む,inhale,,,4
炒める,fry,,,4
潰れる,crush,,,4
追い付く,catch up,,,4
差し込む,insert,,,4
躊躇う,hesitate,,,4
吐き出す,spit out,,,4
近付ける,approach,,,4
孵る,hatch,,,4
当て嵌まる,apply,,,4
直る,fix,,,4
傾く,tilt,,,4
遮る,block,,,4
明く,clear,,,4
儲ける,make profit,,,4
化する,transform,,,4
割れる,break,,,4
ぶつける,hit,,,4
乱れる,disturb,,,4
捻る,twist,,,4
赴く,go to,,,4
託する,entrust,,,4
振る舞う,act,,,4
見抜く,see through,,,4
混じる,mix,,,4
閉ざす,close,,,4
講ずる,lecture,,,4
踏み込む,step into,,,4
拭う,wipe,,,4
題する,subject,,,4
追い込む,drive in,,,4
取り巻く,surround,,,4
突き出す,thrust out,,,4
脅す,threaten,,,4
着せる,dress someone up,,,4
くっ付く,cling to,,,4
仰ぐ,look up to,,,4
誓う,swear,,,4
脅かす,threaten,,,4
正す,correct,,,4
癒す,heal,,,4
言い聞かせる,remind,,,4
汲む,fetch,,,4
打ち出す,hammer out,,,4
組み込む,incorporate,,,4
感じ取る,sense,,,4
逸らす,divert,,,4
余る,have more than enough,,,4
俟つ,anticipate,,,4
慰める,comfort,,,4
引っ越す,move,,,4
枯れる,wither,,,4
極める,finalize,,,4
歪む,warp,,,4
冷える,cool down,,,4
燃やす,burn,,,4
からかう,tease,,,4
広まる,spread,,,4
塞ぐ,block,,,4
言い切る,assert,,,4
担ぐ,carry,,,4
凝らす,elaborate,,,4
心得る,understand,,,4
賭ける,bet,,,4
ずれる,shift,,,4
戸惑う,be perplexed,,,4
弾む,bounce,,,4
募る,solicit,,,4
握り締める,grasp,,,4
着ける,put on,,,4
揚げる,lift,,,4
垂れる,droop,,,4
荒れる,rough,,,4
埋まる,bury,,,4
聞き取る,listen,,,4
滲む,soak,,,4
催す,prompt,,,4
瞑る,meditate,,,4
付する,attach,,,4
切り離す,detach,,,4
追い詰める,hunt down,,,4
帰す,send someone back-home,息子を無事に帰すと約束した。,He promised to bring his son home safely.,4
持ち帰る,"bring back, take home, carry home",バッグはお土産を持ち帰るために使用されます。,Bags are used to bring back souvenirs.,4
写す,"copy, duplicate, transcribe, imitate",彼は友達のノートを写すのに忙しかった。,He was busy copying his friend's notes.,4
秘める,"hide, keep to oneself",彼は秘密を自分の胸に秘めていた。,He kept his secret to himself.,4
湿る,"wet, moist, damp",洗濯物はまだ湿っている。,Laundry is still damp.,4
例える,"compare, liken",読書は旅に例えることができる。,Reading can be compared to a journey.,4
替える,change,,,4
引き付ける,attract,,,4
纏う,clothe,,,4
昇る,ascend,,,4
操る,"manipulate, operate, handle, manage",,,4
竦める,cower,,,4
揉む,squeeze,,,4
逆らう,defy,,,4
裂く,tear,,,4
張り付ける,stick,,,4
収まる,"settled, installed, lessen, calm down, fit",,,4
ごまかす,"deceive, cheat, falsify",,,4
敵う,oppose,,,4
通り過ぎる,pass by,,,4
差し上げる,offer,,,4
染まる,be dyed,,,4
励む,encourage,,,4
申し込む,apply for,,,4
近寄る,approach,,,4
損なう,damage,,,4
憧れる,admire,,,4
隔てる,separate,,,4
親しむ,befriend,,,4
儲かる,profit,,,4
舞う,dance,,,4
吠える,howl,,,4
顰める,frown,,,4
候う,be pleased,,,4
妨げる,hinder,,,4
立ち寄る,stop by,,,4
来たる,come,,,4
倣う,follow,,,4
破れる,break,,,4
切り出す,cut out,,,4
恨む,resent,,,4
唸る,roar,,,4
煽る,agitate,,,4
抜け出す,break out,,,4
押し込む,push in,,,4
装う,pretend,,,4
腰掛ける,sit down,,,4
浸る,immerse,,,4
引き寄せる,draw in,,,4
問い合わせる,inquire,,,4
振り回す,wield,,,4
覚ます,awaken,,,4
澄む,clear,,,4
着替える,change one's clothes,,,4
制する,control,,,4
見知る,recognize,,,4
介する,mediate,,,4
置き換える,replace,,,4
食らう,eat,,,4
閉じ込める,confine,,,4
掴まえる,seize,,,4
報ずる,report,,,4
足す,add to,,,4
起き上がる,get up,,,4
惜しむ,spare,,,4
取り掛かる,set about,,,4
暮れる,end,,,4
交える,mingle,,,4
駆ける,run,,,4
怠る,neglect,,,4
嗅ぐ,sniff,,,4
取り囲む,surround,,,4
衰える,diminish,,,4
仕上げる,finish,,,4
滅ぼす,destroy,,,4
出向く,go out,,,4
寄越す,send,,,4
積み上げる,build up,,,4
敗れる,be defeated,,,4
滅びる,perish,,,4
蓄える,store,,,4
縫う,sew,,,4
嵌める,fit,,,4
考え込む,consider,,,4
緩める,loosen,,,4
追い出す,expel,,,4
止す,stop,,,4
見分ける,discern,,,4
踏み出す,take a step forward,,,4
問い掛ける,ask a question,,,4
送り出す,"send out, forward",,,4
先立つ,"lead, precede, go before, a prerequisite",,,4
立ち去る,"leave, depart",,,4
奉る,"offer, present, dedicate",,,4
吹き出す,"sprout, bud, gush out, blow out",,,4
汚す,defile,,,4
解ける,dissolve,,,4
取り消す,cancel,,,4
引き続く,continue,,,4
申し出る,offer,,,4
見極める,find out,,,4
見合わせる,inform,,,4
知らす,inform,,,4
啜る,sip,,,4
睨み付ける,stare at,,,4
費やす,spend,,,4
向かい合う,face each other,,,4
強まる,intensify,,,4
歪める,distort,,,4
呈する,show,,,4
挑む,challenge,,,4
転ぶ,fall,,,4
教わる,be taught,,,4
しがみ付く,cling to,,,4
投げ出す,throw out,,,4
召す,call,,,4
捩る,twist,,,4
取り付く,cling to,,,4
遠ざかる,move away from,,,4
突き付ける,thrust,,,4
跨がる,straddle,,,4
連なる,"stretch out, extend, stand in a row, attend, enrol, linked",変化に富んだ景観が連なる。,A series of varied landscapes.,4
俯く,"lie face down, look down, cast eyes downward",少女は恥ずかしそうに俯いた。,The girl turned her head down in embarrassment.,4
凍る,freeze,道路はかちかちに凍っている。,The roads are frozen solid.,4
手渡す,"hand over, surrender",この手紙を彼に手渡してください。,Please hand this letter to him.,3
悲しむ,"grieve, mourn, sad",なんでそんなに悲しむの。,Why are you so sad?,3
緩む,"become loose, slacken, less tense, relax",機械のボルトが緩んだ。,A bolt on the machine came loose.,3
降ろす,"unload, discharge, drop off",私はすぐにそこから荷物を降ろす。,I quickly unload from there.,3
組み立てる,"assemble, put together, set upbuild, form",自動車を組み立てる。,Assemble automobiles.,3
好く,"like, fond of",彼は皆に好かれている。,He is well liked by all.,3
丸める,"roll up, make round, curl up, seduce, round off",ひき肉を丸める。,Roll the ground meat.,3
立ち上る,"rise up, go up",一筋の煙が澄んだ空に立ち上った。,A single line of smoke rose into the clear sky.,3
練る,"knead, thicken into a paste, refine",粉を練る。,Knead dough.,3
見込む,"anticipate, expect, estimate, trust, count on",利益を３割と見込んだ。,Profit was estimated at 30%.,3
薄れる,"fade, become dim",光は次第に薄れていった。,The light gradually faded.,3
横切る,"cross, traverse",川を横切る橋。,Bridge crossing the river.,3
掴まる,"hold on to, grasp, caught, arrested",ようやく担当者が掴まった。,I finally got a hold of the person in charge.,3
祝う,celebrate,,,3
受け付ける,accept,,,3
際立つ,stand out,,,3
零す,spill,,,3
被せる,cover,,,3
見受ける,receive,,,3
放す,release,,,3
見舞う,pay a visit to,,,3
供する,offer,,,3
明かす,reveal,,,3
曇る,cloud,,,3
弄る,torment,,,3
苦しめる,torment,,,3
捕まえる,catch,,,3
送り込む,send,,,3
暴れる,riot,,,3
定まる,settle,,,3
重んずる,respect,,,3
請う,request,,,3
捕まる,be caught,,,3
編む,weave,,,3
押し寄せる,push,,,3
取り替える,replace,,,3
垂らす,hang down,,,3
遣う,use,,,3
溶かす,dissolve,,,3
潜り込む,infiltrate,,,3
弱る,weaken,,,3
驚かす,surprise,,,3
凌ぐ,surpass,,,3
決め付ける,determine,,,3
見失う,lose sight of,,,3
偲ぶ,remember,,,3
凝る,elaborate,,,3
剃る,shave,,,3
仕入れる,procure,,,3
剥がす,strip,,,3
拵える,prepare,,,3
見開く,open up,,,3
手掛ける,work with,,,3
彫る,carve,,,3
案ずる,contemplate,,,3
繋げる,connect,,,3
匂う,smell,,,3
投げ掛ける,throw,,,3
呻く,moan,,,3
途切れる,interrupt,,,3
澄ます,clear,,,3
老いる,grow old,,,3
語り掛ける,speak to someone,,,3
思い当たる,come to mind,,,3
深まる,deepen,,,3
溜める,accumulate,,,3
捜し出す,find out,,,3
夢見る,dream,,,3
踏み切る,step through,,,3
躱す,dodge,,,3
投ずる,throw,,,3
瞬く,blink,,,3
発つ,emit,,,3
混む,mix,,,3
吹き込む,blow into,,,3
悩ます,afflict,,,3
恥じる,embarrass,,,3
纏わる,clothe,,,3
聞き返す,listen to again,,,3
満つ,be full,,,3
縋る,cling to,,,3
差し掛かる,approach,,,3
吊るす,hang,,,3
来す,come,,,3
閉まる,close,,,3
ふざける,joke around,,,3
立ち直る,recover,,,3
立ち会う,attend,,,3
突き止める,find out,,,3
茂る,overgrow,,,3
座り込む,sit down,,,3
授ける,give,,,3
育む,nurture,,,3
勝る,prevail,,,3
襲い掛かる,attack,,,3
栄える,prosper,,,3
任ずる,entrust,,,3
走り回る,run around,,,3
照れる,shine,,,3
任す,let it,,,3
流れ込む,flow into,,,3
住まう,live,,,3
成し遂げる,accomplish,,,3
待ち受ける,wait for,,,3
喘ぐ,pant,,,3
手放す,let go,,,3
撥ねる,repel,,,3
競う,compete,,,3
備わる,be prepared,,,3
喚く,call out,,,3
裏付ける,support,,,3
括る,summarize,,,3
真似る,imitate,,,3
賄う,provide for,,,3
込み上げる,fill up,,,3
冷ます,cool down,,,3
即する,promptly,,,3
見遣る,look after,,,3
付き纏う,follow,,,3
強ばる,stiffen,,,3
さ迷う,wander,,,3
仕立てる,tailor,,,3
偏る,deviate,,,3
繰り広げる,unfold,,,3
宿る,dwell,,,3
詰め込む,pack,,,3
憚る,hesitate,,,3
慕う,adore,,,3
映し出す,project,,,3
放り出す,throw out,,,3
語り合う,talk to each other,,,3
飛び上がる,jump up,,,3
働き掛ける,work with,,,3
広める,spread,,,3
腫れる,swell,,,3
注ぎ込む,pour,,,3
孕む,impregnate,,,3
引き抜く,pull out,,,3
背く,turn away,,,3
乗り換える,change one's ride,,,3
張り付く,stick to,,,3
乗り切る,get over,,,3
交じる,mingle,,,3
零れる,spill,,,3
生き延びる,survive,,,3
飛び降りる,jump off,,,3
浸す,soak,,,3
嫁ぐ,marry,,,3
追い払う,get rid of,,,3
切り取る,cut off,,,3
行き着く,end up,,,3
細める,narrow down,,,3
罵る,abuse,,,3
寛ぐ,relax,,,3
諮る,consult,,,3
擦れ違う,cross paths,,,3
顧みる,look back,,,3
遣り直す,redo,,,3
静める,calm,,,3
言い返す,reiterate,,,3
過る,go too far,,,3
惚れる,fall in love,,,3
書き出す,write down,,,3
揺する,shake,,,3
苛立つ,be irritated,,,3
綴る,write,,,3
賜わる,be given,,,3
欲する,desire,,,3
溺れる,drown,,,3
佇む,stand,,,3
乱す,disturb,,,3
葬る,bury,,,3
執る,cling to,,,3
見据える,focus on,,,3
思い起こす,remember,,,3
取り合う,take up with,,,3
投げ付ける,throw,,,3
解す,solve,,,3
当て嵌める,apply,,,3
震わせる,make tremble,,,3
逃す,"let go, set free, miss, lose, fail to",,,3
畳む,"fold, close, vacate",,,3
差し支える,"interfere, hinder, hold up",,,3
縮める,"shrink, shorten, condense , reduce, wrinkle",,,3
期する,terminate,,,3
叩き付ける,strike,,,3
害する,harm,,,3
立ち上げる,raise up,,,3
集う,gather,,,3
徹する,devote,,,3
包み込む,encompass,,,3
押し出す,push out,,,3
付き添う,accompany,,,3
見合う,see each other,,,3
食み出す,eat out,,,3
如く,do the same as,,,3
痛める,hurt,,,3
掬う,scoop up,,,3
買い取る,buy,,,3
清める,cleanse,,,3
割り切る,divide,,,3
済ます,finish,,,3
引っ繰り返す,repeat,,,3
和らげる,relieve,,,3
駆け寄る,rush to,,,3
貯める,save,,,3
引っ掛ける,hook up,,,3
盛り込む,incorporate,,,3
埋もれる,bury,,,3
膨れ上がる,swell up,,,3
染み込む,soak in,,,3
噛み締める,chew,,,3
打ち上げる,strike up,,,3
仰す,look up,,,3
積み重ねる,accumulate,,,3
威張る,dignify,,,3
濡らす,wet,,,3
踏み入れる,step in,,,3
切り開く,cut through,,,3
蹲る,crouch,,,3
気遣う,care for,,,3
目掛ける,look out for,,,3
立ち向かう,confront,,,3
砕く,break,,,3
積もる,accumulate,,,3
咎める,blame,,,3
代える,replace,,,3
因む,cause to fall,,,3
没する,confiscate,,,3
繰る,reel (off),,,3
駆け込む,run into,,,3
耽る,indulge in,,,3
処する,deal with,,,3
著わす,write,,,3
交わる,mingle,,,3
立ち入る,enter,,,3
言い掛ける,say,,,3
省く,omit,,,3
むかつく,offend,,,3
散らす,disperse,,,3
漕ぐ,paddle,,,3
見捨てる,abandon,,,3
閉じ籠もる,shut up,,,3
宥める,appease,,,3
飲み干す,drink up,,,3
携える,carry on one's shoulder,,,3
ずらす,displace,,,3
亡くす,lose,,,3
抱え込む,hold in one's arms,,,3
齧る,gnaw,,,3
閃く,flash,,,3
飢える,starve,,,3
生まれ変わる,be reborn,,,3
拝む,worship,,,3
捕る,catch,,,3
略す,abbreviate,,,3
揺さぶる,shake,,,3
延ばす,extend,,,3
掠める,snatch,,,3
屈める,bend,,,3
植え付ける,plant,,,3
仕切る,divide,,,3
動き回る,move around,,,3
封ずる,block,,,3
惚ける,make someone fall in love with you,,,3
放り込む,throw in,,,3
忍ぶ,endure,,,3
奢る,luxuriate in,,,3
冴える,be clever,,,3
聞き出す,listen to,,,3
庇う,protect,,,3
引き込む,draw in,,,3
換える,change,,,3
寝かせる,put to sleep,,,3
飛び付く,jump in,,,3
詫びる,apologize,,,3
買い換える,buy a new one,,,3
区切る,separate,,,3
背ける,turn away,,,3
吹き飛ぶ,blow away,,,3
叶える,"fulfill, meet, grant, answer",どうか私の願いを叶えてください。,Please grant my wish.,3
射る,shoot,的を射る。,Shoot at a target.,3
痺れる,"numbed, fascinated",寒さで手足が痺れた。,The cold made my hands and feet numb.,3
持ち合わせる,"possess, happen to have in stock",たまたまカメラを持ち合わせていた。,I happened to have a camera with me.,3
冒す,"face, run, risk, venture, afflict, harm",彼女は高熱を冒して外出した。,She went out with a high fever.,3
出迎える,greet,,,3
巡らす,circulate,,,3
賑わう,be crowded,,,3
評する,comment on,,,3
忍び込む,sneak in,,,3
吊り上げる,hang up,,,3
映す,reflect,,,3
浴びせる,expose,,,3
病む,make sick,,,3
投げ込む,throw into,,,3
沈める,sink,,,3
追い遣る,drive away,,,3
使い分ける,"use differently, use properly",,,3
散らばる,"scattered, disperse, be littered",,,3
通り抜ける,"pass through,  go through",,,3
寄り添う,stay close to each other,,,3
噤む,keep silent,,,3
空ける,vacate,,,3
切り捨てる,cut down,,,3
酔っ払う,get drunk,,,3
形作る,form,,,3
濁る,cloud,,,3
断ち切る,cut off,,,3
配する,distribute,,,3
申し立てる,plead,,,3
長引く,lengthen,,,3
則る,follow,,,3
企てる,plan,,,3
連ねる,link up,,,3
準ずる,conform to,,,3
塗れる,apply,,,3
差し伸べる,extend,,,3
推す,push,,,3
締め付ける,tighten,,,3
断ずる,cut off,,,3
差し引く,withhold,,,3
巡り会う,meet,,,3
通り掛かる,pass by,,,3
静まり返る,be still,,,3
服する,submit,,,3
砕ける,shatter,,,3
入れ替える,replace,,,3
逃がす,let go,,,3
巻き付ける,wrap around,,,3
伝う,transmit,,,3
もてる,hold on to,,,3
気取る,take hold of,,,3
化ける,transform into,,,3
見届ける,see,,,3
司る,govern,,,3
蒸す,steam,,,3
従える,subdue,,,3
攫う,kidnap,,,3
熱する,heat,,,3
途絶える,cease to exist,,,3
逸れる,deviate,,,3
盛り上げる,enliven,,,3
抱き合う,embrace,,,3
歩み寄る,walk up to,,,3
割り当てる,assign,,,3
翳す,shade,,,3
青褪める,pallid,,,3
遣わす,send,,,3
沸く,bring to a boil,,,3
持ち掛ける,propose,,,3
捏ねる,knead,,,3
弾ける,pop,,,3
繰り出す,unleash,,,3
存する,exist,,,3
考え直す,reconsider,,,3
連れ出す,take out,,,3
そそる,inspire,,,3
飛び立つ,take off,,,3
阻む,prevent,,,3
培う,cultivate,,,3
言い張る,insist,,,3
洒落る,dress up,,,3
運び込む,carry in,,,3
張り上げる,stretch,,,3
描き出す,draw,,,3
逝く,go,,,3
掻き立てる,stir up,,,3
見通す,see through,,,3
脱する,take off,,,3
ぶら下がる,dangle,,,3
引っ繰り返る,pull over and over,,,3
絡み合う,entwine,,,3
芽生える,sprout,,,3
決する,settle,,,3
引き渡す,hand over,,,3
聳える,rise,,,3
耕す,cultivate,,,3
召し上がる,call up,,,3
旅立つ,depart,,,3
治める,govern,,,3
押し掛ける,push in,,,3
吹き飛ばす,blow away,,,3
取り立てる,take away,,,3
凍り付く,freeze,,,3
消え去る,disappear,,,3
抱き付く,hold on to,,,3
見返す,look back,,,3
狼狽える,get upset,,,3
向き直る,turn around,,,3
引き止める,"hold back, detain, restrain",,,3
思い立つ,make up your mind,,,3
振り掛ける,shake it off,,,3
揉める,make trouble,,,3
割り込む,interrupt,,,3
追い越す,overtake,,,3
取り残す,leave behind,,,3
思い描く,imagine,,,3
乗ずる,ride,,,3
読み返す,read again,,,3
剥がれる,peel off,,,3
見せ付ける,show,,,3
罰する,punish,,,3
考え出す,come up with,,,3
患う,suffer from,,,3
歩き回る,walk around,,,3
見落とす,overlook,,,3
呼び寄せる,call to mind,,,3
思い浮かぶ,come to mind,,,3
行き届く,reach,,,3
溶け込む,blend in,,,3
生まれ育つ,be born and grow,,,3
灯る,light up,,,3
出会す,meet,,,3
待ち構える,lie in wait,,,3
黙り込む,be silent,,,3
出回る,appear on the scene,,,3
馬鹿げる,make fun of,,,3
遠ざける,keep away,,,3
逃げ込む,run away,,,3
飛び交う,fly away,,,3
駆け出す,run away,,,3
混ざる,mix,,,3
くっ付ける,stick together,,,3
抜かす,overtake,,,3
取り止める,catch up,,,3
掛け離れる,run away from each other,,,3
翻す,change,,,3
彩る,color,,,3
馳せる,run (a business),,,3
改まる,change,,,3
衝く,urge,,,3
辞する,resign,,,3
擁する,hold,,,3
転がす,roll,,,3
凹む,"dent, yield, cave in",彼はあっさり凹んだものだ。,He easily gave in.,3
引き替える,reverse,,,3
裁く,judge,,,3
紛れる,blend,,,3
漉す,strain,,,3
失せる,lose,,,3
囲う,"surround, enclose, encircle",家を生け垣で囲った。,Enclosed the house with a hedge.,3
覆す,"overturn, capsize, upset, overthrow",判決を覆す。,Overrule a decision.,3
荒らす,destroy,,,3
引き締まる,tighten,,,3
行き詰まる,stall,,,3
跳ねる,bounce,,,3
弱める,weaken,,,3
思い遣る,care,,,3
実る,bear fruit,,,3
漲る,pervade,,,3
絡める,entwine,,,3
住み着く,inhabit,,,3
引き下げる,pull down,,,3
噛み付く,bite,,,3
書き替える,rewrite,,,3
極まる,become more or less extreme,,,3
引っ込む,withdraw,,,3
降り立つ,descend,,,3
埋め込む,embed,,,3
燥ぐ,dry,,,3
引き裂く,tear,,,3
揺らす,shake,,,3
ちぎる,tear,,,3
哀れむ,pity,,,3
浸ける,soak,,,3
温まる,warm,,,3
羽織る,cloak,,,3
躓く,trip over,,,3
突き立つ,stand on tiptoe,,,3
戒める,admonish,,,3
組み替える,recombine,,,3
持ち歩く,carry,,,3
引き締める,tighten,,,3
燃え上がる,burn,,,3
抜き取る,take out,,,3
静まる,quieten,,,3
透ける,see through,,,3
片付く,clear away,,,3
否む,deny,,,3
企む,plot,,,3
渦巻く,swirl,,,3
突き上げる,push up,,,3
読み上げる,read up,,,3
立たす,stand,,,3
触れ合う,touch each other,,,3
潤む,moisten,,,3
見せ掛ける,show,,,3
有り触れる,be in touch,,,3
飛び回る,fly around,,,3
下回る,go around,,,3
沸かす,boil,,,3
投げ捨てる,throw down,,,3
揺らぐ,waver,,,3
陥れる,fall,,,3
霞む,haze,,,3
受け持つ,accept,,,3
慎む,refrain from,,,3
群がる,swarm,,,3
締まる,be in order,,,3
弁える,discriminate,,,3
彷徨く,"wander, loiter, hang around",奴らは通りを彷徨く野生の獣だ。,They are wild beasts roaming the streets.,2
纏わり付く,"cling to, surround, follow about",その猫は彼女の着物に纏わり付いた。,The cat clung to her kimono.,2
垣間見る,"catch a glimpse of, take a peep at",私は彼の性格の悪い面を垣間見た。,I caught a glimpse of the bad side of his character.,2
摩る,"rub, scrub, stroke, pat, grind, scrape",母親は病気の子供の背中を摩った。,The mother rubbed the sick child's back.,2
侵す,invade,航空機に領空が侵された。,An aircraft violated our airspace.,2
立て直す,rebuild,,,2
揺る,shake,,,2
剥き出す,expose,,,2
見立てる,look up,,,2
重なり合う,overlap,,,2
取り外す,remove,,,2
諭す,admonish,,,2
引き離す,pull apart,,,2
滞る,stagnate,,,2
刈る,reap,,,2
立ち尽くす,stand still,,,2
掠れる,snatch,,,2
入れ替わる,replace,,,2
あてがう,apply,,,2
仕上がる,finish,,,2
引き攣る,twitch,,,2
しゃがみ込む,crouch,,,2
眩む,dazzle,,,2
擦り付ける,rub against,,,2
掻き分ける,scrape,,,2
跪く,kneel,,,2
見比べる,compare and contrast,,,2
薄める,dilute,,,2
取り締まる,clamp down on,,,2
束ねる,bind,,,2
遠退く,move away,,,2
授かる,be given,,,2
突き出る,stick out,,,2
屈する,yield,,,2
降り注ぐ,pour down,,,2
灯す,light up,,,2
靡く,dominate,,,2
指し示す,point to,,,2
志す,aspire to,,,2
偽る,disguise,,,2
恐れ入る,be afraid of,,,2
抑え込む,suppress,,,2
滲み出る,ooze,,,2
身構える,prepare oneself,,,2
年老いる,grow old,,,2
築き上げる,build up,,,2
書き留める,write down,,,2
駆り立てる,impel,,,2
尊ぶ,honor,,,2
待たす,make wait,,,2
縛り付ける,bind,,,2
古びる,grow old,,,2
思い詰める,ponder,,,2
宛てる,address,,,2
乾かす,dry,,,2
ばら蒔く,scatter,,,2
損ねる,damage,,,2
湧き上がる,bring to the surface,,,2
引き立てる,enhance,,,2
奏する,play,,,2
暴く,expose,,,2
計り知れる,measure,,,2
容れる,contain,,,2
扠置く,set aside,,,2
見過ごす,overlook,,,2
居合わせる,happen to be present,,,2
分かつ,share,,,2
跳ぶ,jump,,,2
拾い上げる,pick up,,,2
弄ぶ,play with,,,2
導き出す,derive,,,2
まつる,pine for,,,2
取り寄せる,fetch,,,2
遣っ付ける,finish off​,,,2
売り出す,market,,,2
草臥れる,lie in the grass,,,2
滑り込む,slip into,,,2
報いる,reward,,,2
打ち破る,break down,,,2
煮込む,stew,,,2
悔やむ,regret,,,2
呪う,curse,,,2
火照る,light a fire,,,2
ぶら下げる,dangle,,,2
詰る,pack,,,2
照らし出す,shine out,,,2
口籠もる,shut your mouth,,,2
裂ける,split,,,2
押し潰す,crush,,,2
持て成す,entertain,,,2
突き刺す,pierce,,,2
畏まる,be in awe of,,,2
画する,draw,,,2
醸し出す,brew,,,2
轟く,roar,,,2
座する,sit,,,2
吐き捨てる,spit,,,2
こびり付く,stick to,,,2
飛び散る,scatter,,,2
引っ掻く,scratch,,,2
和らぐ,relieve,,,2
食い込む,bite into,,,2
掻き回す,stir up,,,2
迎え入れる,welcome,,,2
浮き上がる,float,,,2
突き刺さる,pierce,,,2
遊ばす,play,,,2
敬う,honor,,,2
貪る,devour,,,2
懲りる,punish,,,2
口説く,seduce,,,2
持ち上がる,lift up,,,2
食い止める,hold back,,,2
早める,hasten,,,2
打ち切る,discontinue,,,2
欺く,deceive,,,2
根付く,take root,,,2
押し退ける,push away,,,2
書き上げる,write up,,,2
叩き込む,beat into shape,,,2
言い放つ,tell someone what to do,,,2
窘める,rebuke,,,2
呼び止める,call someone out,,,2
呼び起こす,invoke,,,2
読み込む,read,,,2
抉る,gouge out,,,2
あしらう,treat with disdain,,,2
奪い取る,take away,,,2
口走る,speak,,,2
揺れ動く,shake,,,2
鳴り響く,resound,,,2
きらめく,sparkle,,,2
蒔く,sow,,,2
擽る,tickle,,,2
思い返す,recall,,,2
透き通る,transparency,,,2
波打つ,ripple,,,2
熟する,ripen,,,2
挙る,enumerate,,,2
見積もる,estimate,,,2
言い表わす,express,,,2
持て余す,have too much of something,,,2
縮む,shrink,,,2
甘やかす,spoil,,,2
適う,suit,,,2
見習う,emulate,,,2
張り切る,be enthusiastic,,,2
問い質す,question,,,2
拭き取る,wipe up,,,2
見入る,observe,,,2
思い知らす,make someone aware of,,,2
切り裂く,cut through,,,2
懐く,hold in one's bosom,,,2
取り返す,take back,,,2
しゃがむ,crouch,,,2
嵌め込む,set in,,,2
擦り抜ける,scrape through,,,2
掻き混ぜる,stir,,,2
流れ出す,flow out,,,2
振り上げる,shake out,,,2
開き直る,reopen,,,2
泊める,stay,,,2
引っ込める,retract,,,2
淀む,stagnate,,,2
怪しむ,be suspicious of,,,2
厭う,dislike,,,2
行き交う,come and go,,,2
引き籠もる,shut oneself away,,,2
申し入れる,make an offer,,,2
立ち込める,enshroud,,,2
蠢く,wriggle,,,2
点ける,turn on,,,2
損する,lose money,,,2
錆びる,rust,,,2
見計らう,watch for,,,2
見破る,see through,,,2
入り交じる,mix,,,2
植わる,plant,,,2
切り落とす,cut down,,,2
傷む,damage,,,2
跨ぐ,step over,,,2
のめり込む,become engulfed in,,,2
巻き上げる,roll up,,,2
見惚れる,admire,,,2
言い付ける,describe,,,2
比する,compare,,,2
思い直す,look down on,,,2
見下す,look down on,,,2
なぞる,trace,,,2
掘り出す,dig out,,,2
流れ出る,flow out,,,2
突き当たる,come to the end of something,,,2
言い残す,leave something unsaid,,,2
怯む,be frightened,,,2
勝ち取る,win,,,2
役立てる,make use of,,,2
締め括る,bring to a close,,,2
魅する,charm,,,2
軋む,creak,,,2
問い詰める,question,,,2
替わる,replace,,,2
晴らす,clear,,,2
生やす,make alive,,,2
惑わす,confuse,,,2
承る,accept,,,2
横たえる,lay down,,,2
嵩む,bulk up,,,2
舞い上がる,soar,,,2
高ぶる,soar,,,2
興す,rise,,,2
振り払う,shake off,,,2
移り住む,move,,,2
根差す,take root,,,2
蹌踉く,stagger,,,2
押さえ付ける,hold down,,,2
紛れ込む,blend in,,,2
侮る,underestimate,,,2
長ける,lengthen,,,2
上り詰める,ascend,,,2
念ずる,contemplate,,,2
疼く,tingle,,,2
混ぜ合わせる,mix,,,2
仕込む,prepare,,,2
合わす,combine,,,2
踏み付ける,trample,,,2
戯れる,play with,,,2
伸し掛かる,reach out to,,,2
振り翳す,hold aloft,,,2
占う,divine,,,2
張り巡らす,stretch out,,,2
過ぎ去る,pass away,,,2
解き放つ,unleash,,,2
弱まる,weaken,,,2
せしめる,inflict,,,2
サボる,sabotage,,,2
聞き入れる,listen to,,,2
負わす,make them lose,,,2
もがく,struggle,,,2
突き進む,push forward,,,2
奏でる,play,,,2
納まる,settle in,,,2
居座る,stay,,,2
報う,reward,,,2
窪む,hollow,,,2
寄り掛かる,lean on,,,2
張り詰める,stretch out,,,2
張り出す,stick out,,,2
請け負う,undertake,,,2
引き連れる,take along with you,,,2
押し殺す,push to the death,,,2
立ち竦む,stand still,,,2
走り去る,run away,,,2
駆け巡る,run around,,,2
突き放す,push away,,,2
遣り遂げる,accomplish something,,,2
剥ぎ取る,strip away,,,2
寝そべる,lie down,,,2
崩れ落ちる,collapse,,,2
退る,retreat,,,2
憂える,be anxious,,,2
絡まる,get entangled,,,2
言い渡す,tell someone what to do,,,2
仰け反る,turn up,,,2
搗く,pound,,,2
言い合う,argue with each other,,,2
弛む,relax,,,2
吹かす,blow,,,2
均す,equalize,,,2
研ぐ,sharpen,,,2
引き下がる,withdraw,,,2
折り畳む,"fold up, fold into layers",新聞を折り畳む。,Fold the newspaper.,2
漬ける,"dip, soak, steep, dunk, pickle, preserve",洗濯物を水に漬ける。,Soak laundry in water.,2
滴る,"drip, drop, trickle",彼の額から血が滴っていた。,Blood dripped from his forehead.,2
揺るがす,shake,,,2
剥ぐ,"peel off, tear off, rip off, strip off",包装紙を剥ぐ。,Peel off the wrapping paper.,2
凭れる,recline,,,2
焦げる,scorch,,,2
打ち付ける,strike,,,2
遅らせる,slow down,,,2
汲み取る,fetch,,,2
廃する,depose,,,2
切り抜ける,"cut through, overcome",彼女にはその場を切り抜けるだけの力がある。,She has the strength to get through the moment.,2
取り直す,"regroup, redeem, re-grip, re-wrestle",気を取り直して試験に挑戦しよう。,Let's get back on track and take the test.,2
降り懸かる,come to a standstill,,,2
取り去る,take away,,,2
重ね合わせる,overlap,,,2
項垂れる,hang down,,,2
織る,weave,私の祖母ははたを織るのが好きだ。,My grandmother likes to weave hats.,2
渇く,"thirst, feel thirsty",川の水で渇いたのどを潤した。,I quenched my thirst with river water.,2
ときめく,flutter,,,2
突っ走る,rush,,,2
食する,eat,,,2
流し込む,pour,,,2
明け暮れる,dawn and dusk,,,2
朽ちる,decay,,,2
穿つ,pierce,,,2
平伏す,lie down,,,2
助け合う,help each other,,,2
曝け出す,expose,,,2
呼び戻す,call back,,,2
立ち並ぶ,stand side by side,,,2
書き残す,leave a note,,,2
涙ぐむ,weep,,,2
引き延ばす,stretch,,,2
塗す,paint,,,2
推し進める,push forward,,,2
炒る,fry,,,2
塞がる,block,,,2
障る,obstruct,,,2
照る,illuminate,,,2
押し上げる,push up,,,2
突き詰める,push to the limit,,,2
持て囃す,make popular,,,2
宿す,be in one's mind,,,2
受かる,be accepted,,,2
貯まる,accumulate,,,2
せがむ,urge,,,2
遣り過ごす,do too much,,,2
打ち消す,cancel,,,2
縺れる,get entangled,,,2
甘んずる,take advantage of,,,2
駆け上がる,run up,,,2
擡げる,raise,,,2
抱き上げる,pick up,,,2
鑑みる,take into account,,,2
絞り込む,narrow down,,,2
焼き付く,burn,,,2
溜め込む,accumulate,,,2
膨れる,swell,,,2
洗い流す,wash away,,,2
打ち解ける,break the ice,,,2
諫める,admonish,,,2
刻み込む,engrave,,,2
流れ落ちる,flow down,,,2
寝込む,go to bed,,,2
書き直す,rewrite,,,2
飛び越える,jump over,,,2
吸い取る,suck up,,,2
陣取る,take up a position,,,2
届け出る,report,,,2
聞き付ける,listen to,,,2
絶する,exterminate,,,2
押し当てる,press against,,,2
笑い掛ける,smile upon,,,2
生き返る,come back to life,,,2
突き抜ける,break through,,,2
切り上げる,cut up,,,2
苛む,torment,,,2
色褪せる,fade away,,,2
売り込む,sell,,,2
うねる,undulate,,,2
競い合う,compete with each other,,,2
合わせ持つ,hold together,,,2
裏返す,turn inside out,,,2
群れる,flock together,,,2
萎える,wilt,,,2
生い茂る,grow lush,,,2
繰り上げる,move up,,,2
恍ける,ecstasy,,,2
取り乱す,be distraught,,,2
吹き付ける,blow,,,2
満ち溢れる,overflow,,,2
倒れ込む,fall down,,,2
通り越す,pass over,,,2
決め込む,decide,,,2
絞める,squeeze,,,2
考え付く,come up with,,,2
和む,be at peace,,,2
動ずる,move,,,2
引き戻す,draw back,,,2
仕組む,devise,,,2
超す,exceed,,,2
印す,mark,,,2
排する,remove,,,2
殺ぐ,kill,,,2
生ける,live,,,2
しゃぶる,suck,,,2
浮かす,float,,,2
労わる,work,,,2
駆け抜ける,run through,,,2
願い出る,ask for something,,,2
突き落とす,push down,,,2
立ちはだかる,stand in the way,,,2
抜き出す,extract,,,2
掘り起こす,dig up,,,2
敷き詰める,lay out,,,2
濁す,make muddy,,,2
白ける,make white,,,2
追い返す,turn away,,,2
愛し合う,make love,,,2
痛め付ける,hurt someone,,,2
結う,unite,,,2
迸る,gush,,,2
設える,set up,,,2
放り投げる,throw,,,2
擬える,imitate,,,2
書き記す,write down,,,2
くねる,bend,,,2
剥げる,peel off,,,2
仕付ける,finish,,,2
黒ずむ,blacken,,,2
思い知る,realize,,,2
蹴飛ばす,kick away,,,2
切り込む,cut into,,,2
差し入れる,insert,,,2
攀じ登る,clamber,,,2
打ちのめす,knock down,,,2
更ける,rewind,,,2
問い返す,ask back,,,2
見取る,perceive,,,2
分かち合う,share,,,2
立ち返る,return,,,2
先駆ける,pioneer,,,2
博する,expound,,,2
ちらつく,flicker,,,2
ぼやく,murmur,,,2
口ずさむ,hum,,,2
沸き起こる,arise,,,2
食い縛る,eat and bind,,,2
追い立てる,drive away,,,2
主立つ,take the lead,,,2
死する,die,,,2
崇める,worship,,,2
組み入れる,incorporate,,,2
しゃくる,borrow,,,2
乗り取る,ride,,,2
取り払う,take away,,,2
連れ立つ,take away,,,2
綻ぶ,break into pieces,,,2
漕ぎ着ける,paddle,,,2
執り行なう,intercede,,,2
煮詰める,boil down,,,2
あやす,cherish,,,2
生まれ付く,be born,,,2
くすむ,diminish,,,2
切羽詰まる,become impatient,,,2
信じ込む,believe in,,,2
事欠く,run out of things to do,,,2
潜り抜ける,slip through the cracks,,,2
跳ね上がる,jump up,,,2
窮する,be in a tight spot,,,2
揺るぐ,shake,,,2
脱ぎ捨てる,take off one's clothes,,,2
たじろぐ,flinch,,,2
取り調べる,interrogate,,,2
撒き散らす,scatter,,,2
手間取る,take the trouble,,,2
鈍る,slow down,,,2
抱き抱える,hold in one's arms,,,2
絡み付く,entangle,,,2
飛び乗る,jump on,,,2
立て籠る,huddle in a room,,,2
捜し求める,seek out,,,2
取り次ぐ,intercede,,,2
因る,cause,,,2
赤らめる,redden,,,2
出し合う,come to a decision,,,2
思い止まる,stop to think,,,2
仕舞い込む,put away,,,2
持たす,give something to someone else,,,2
為出かす,make a plan,,,2
匿う,hide,,,2
入り組む,be intricate,,,2
架ける,build a bridge,,,2
連れ込む,bring in,,,2
頬張る,chew,,,2
喫する,eat,,,2
瀕する,be on the verge of,,,2
奉ずる,serve,,,2
教え込む,teach,,,2
垂れ下がる,hang down,,,2
仕向ける,instruct,,,2
割り出す,assign,,,2
照らし合わせる,illuminate,,,2
燻る,smoke,,,2
羽ばたく,flap wings,,,2
振り絞る,shake out,,,2
積み込む,load,,,2
差し向ける,direct,,,2
逸する,deviate,,,2
紡ぐ,spin,,,2
攻め込む,attack,,,2
掻き毟る,tear down,,,2
取り壊す,tear down,,,2
仕る,do something about it,,,2
聞き流す,take no notice of,,,2
買い込む,buy into,,,2
振り切る,shake off,,,2
振り撒く,disperse,,,2
切らす,run out,,,2
走り抜ける,run through,,,2
運び出す,carry out,,,2
取り仕切る,manage,,,2
作り変える,remake,,,2
絞り出す,squeeze out,,,2
進み出る,advance,,,2
架かる,cross over,,,2
繰り下げる,defer,,,2
老ける,grow old,,,2
飲ます,drink,,,2
噛み合う,engage in,,,1
罹る,suffer from,,,1
打ち殺す,beat to death,,,1
面食らう,face,,,1
掘り下げる,delve into,,,1
鏤める,inlay,,,1
擦れる,rub,,,1
染み付く,soak,,,1
値切る,bargain,,,1
泣き叫ぶ,cry out,,,1
掻き集める,collect,,,1
逸る,go astray,,,1
償う,compensate,,,1
興ずる,make merry,,,1
果せる,fulfill (one's) desire,,,1
晦ます,forget,,,1
消え失せる,disappear,,,1
色付く,color,,,1
振り下ろす,shake down,,,1
後ずさる,retreat,,,1
付け込む,take advantage of,,,1
捌く,dispose of,,,1
罷り通る,strike through,,,1
挽く,grind,,,1
悔いる,regret,,,1
買い求める,buy,,,1
見定める,determine what to do with it,,,1
掛け合う,negotiate,,,1
編み出す,knit,,,1
嘲る,ridicule,,,1
取り憑く,haunt,,,1
追い求める,pursue,,,1
煮える,boil,,,1
打ちまける,strike up a fight,,,1
拗ねる,sulk,,,1
乗り継ぐ,ride over,,,1
刺さる,stick,,,1
違える,make a difference,,,1
寝転ぶ,lie down,,,1
曲がりくねる,turn and twist,,,1
翻る,turn,,,1
滅ぶ,perish,,,1
貸し出す,rent out,,,1
建ち並ぶ,stand in a row,,,1
類する,resemble,,,1
捨て去る,abandon,,,1
減ずる,reduce,,,1
飛び掛かる,jump on,,,1
粘る,persist,,,1
怠ける,neglect,,,1
踏ん張る,stand firm,,,1
冷やかす,cool down,,,1
ふらつく,wobble,,,1
窶れる,be worn out,,,1
立ち戻る,get back on one's feet,,,1
申し付ける,make an offer,,,1
縋り付く,cling to,,,1
積み立てる,pile up,,,1
突き立てる,thrust,,,1
科する,impose,,,1
挿す,insert,,,1
乗っかる,get on top of,,,1
蕩ける,prodigal,,,1
平らげる,flatten,,,1
怒鳴り付ける,yell at someone,,,1
駆け回る,run around,,,1
目論む,plan,,,1
懸ける,put a stake in someone's hand,,,1
押し遣る,push someone around,,,1
乗り移る,get on top of,,,1
ちぎれる,tear off,,,1
抜け出る,slip out,,,1
窄める,narrow,,,1
目する,see,,,1
譲り受ける,take over,,,1
抗する,resist,,,1
掻き上げる,scrape up,,,1
起つ,raise,,,1
盛り付ける,heap up,,,1
寝付く,fall asleep,,,1
ぼやける,blur,,,1
捜し回る,look around for something,,,1
萎む,fade,,,1
押し切る,push through,,,1
似通う,resemble,,,1
叱り付ける,scold,,,1
捲し立てる,talk on and on,,,1
駆け下りる,run down,,,1
書き付ける,write down,,,1
息衝く,gasp,,,1
突き飛ばす,push off,,,1
巻き起こす,create something new and exciting,,,1
花開く,blossom,,,1
打ち立てる,set in motion,,,1
織り込む,weave,,,1
追い抜く,overtake,,,1
蔑む,despise,,,1
乗り入れる,ride in,,,1
忘れ去る,forget,,,1
這い上がる,crawl up,,,1
仄めかす,imply,,,1
立て掛ける,set up,,,1
語り継ぐ,tell a story,,,1
模する,imitate,,,1
呼び込む,call in,,,1
咳き込む,cough,,,1
屈み込む,bend down,,,1
資する,contribute,,,1
煮立つ,boil,,,1
送り返す,send back,,,1
突っ張る,stick out,,,1
折り曲げる,bend,,,1
分け合う,share,,,1
憤る,resent,,,1
見回る,look around,,,1
ぶつかり合う,clash,,,1
利する,profit,,,1
刷る,print,,,1
脱げる,take off,,,1
盗る,steal,,,1
縮まる,shrink,,,1
切り替わる,switch,,,1
噴く,blow,,,1
捗る,progress,,,1
抗う,resist,,,1
伏す,lie down,,,1
舞い戻る,dance back,,,1
零れ落ちる,spill over,,,1
竦む,cower,,,1
長ずる,lengthen,,,1
狭める,narrow,,,1
溶く,melt,,,1
拝する,worship,,,1
振りかぶる,wave a sword over your head,,,1
競る,compete,,,1
漁る,scavenge,,,1
強請る,extort,,,1
安らぐ,be at ease,,,1
聞き入る,listen to,,,1
蔓延る,spread,,,1
訝る,wonder,,,1
兼ね備える,combine,,,1
刳り抜く,gouge out,,,1
嬲る,tamper,,,1
冠する,crown,,,1
埋め立てる,reclaim,,,1
見越す,anticipate,,,1
刷り込む,imprint,,,1
吹き抜ける,blow through,,,1
着込む,land on,,,1
駆け上る,run up,,,1
映える,reflect,,,1
待ち合わせる,wait for,,,1
持ち堪える,hold out,,,1
寄せ合う,gather,,,1
忍び寄る,creep up on each other,,,1
へばり付く,cling to,,,1
待ち望む,wait and look forward to,,,1
飛び起きる,jump up,,,1
吹き荒れる,blow up in a storm,,,1
育て上げる,raise up,,,1
嘲笑う,ridicule,,,1
抱き寄せる,embrace,,,1
濯ぐ,rinse,,,1
食む,eat,,,1
そぐう,treat,,,1
言い当てる,guess,,,1
戦く,fight,,,1
悶える,agonize,,,1
浮腫む,float,,,1
落ち合う,fall on each other,,,1
隔たる,separate,,,1
磨る,grind,,,1
務まる,serve,,,1
焦がす,burn,,,1
焼き付ける,burn,,,1
禿げる,bald,,,1
転ける,roll,,,1
速める,quicken,,,1
打ち壊す,break down,,,1
投げ入れる,throw in,,,1
煙る,smoke,,,1
選び出す,pick out,,,1
討ち取る,defeat,,,1
食わす,feed,,,1
湧き出る,gush out,,,1
思す,contemplate,,,1
まさぐる,perceive,,,1
切り分ける,carve out,,,1
扮する,dress up,,,1
炙る,burn,,,1
遣らす,do something,,,1
抜け落ちる,fall out,,,1
孵す,hatch,,,1
着飾る,dress up,,,1
囚われる,be caught,,,1
踏み躙る,tread on,,,1
差し当たる,confront,,,1
陰る,be overshadowed,,,1
移ろう,shift,,,1
吹き上げる,blow up,,,1
食い違う,eat differently,,,1
扱く,handle,,,1
払い除ける,brush away,,,1
帰する,return,,,1
押し黙る,shut down,,,1
早まる,hasten,,,1
薄らぐ,fade away,,,1
生き長らえる,survive,,,1
引き入れる,bring in,,,1
縁取る,fringe,,,1
潤す,enrich,,,1
帰り着く,return,,,1
撫で下ろす,pat down,,,1
戯ける,play with,,,1
締め出す,shut out,,,1
関わり合う,relate to each other,,,1
勝ち誇る,be proud of your victory,,,1
吹き出る,blow out,,,1
ばらす,scatter,,,1
散らかる,make a mess,,,1
めげる,be discouraged,,,1
泣き止む,stop crying,,,1
言い寄る,court,,,1
急かす,hurry him up,,,1
寝かす,put someone to sleep,,,1
身籠もる,take in a baby,,,1
取り繕う,make up for it,,,1
転げ落ちる,tumble down,,,1
書き送る,write down,,,1
擦り下ろす,rub down,,,1
飛び出る,pop out,,,1
寝転がる,lie down,,,1
騙る,cheat,,,1
逃げ回る,run away,,,1
跳ね返る,bounce back and forth,,,1
溢れ出る,overflow,,,1
白む,turn white,,,1
吸い付く,suck on,,,1
溢れ出す,overflow,,,1
送り届ける,send,,,1
凭れ掛かる,recline on,,,1
封じ込める,contain,,,1
覆い被さる,cover,,,1
分け入る,divide,,,1
明け放つ,open,,,1
紐解く,unravel,,,1
走り寄る,run to,,,1
律する,discipline,,,1
修める,discipline,,,1
書き表わす,write down,,,1
潤う,moisten,,,1
腫れ上がる,swell up,,,1
愚痴る,complain,,,1
突き破る,break through,,,1
話し込む,talk about something,,,1
浮かれる,get carried away,,,1
売れ残る,sell out,,,1
括り付ける,bundle,,,1
反る,warp,,,1
慈しむ,love,,,1
頼み込む,ask someone to do something for you,,,1
銘ずる,inscribe,,,1
舞い込む,dance,,,1
覆い隠す,cover,,,1
明け放す,give openly,,,1
辱しめる,humiliate,,,1
移り変わる,change,,,1
揺られる,sway,,,1
振り向ける,turn around,,,1
吹き掛ける,spray,,,1
切り刻む,cut into pieces,,,1
売り払う,sell off,,,1
掃く,sweep,,,1
見切る,see through,,,1
打ち勝つ,conquer,,,1
打ち砕く,smash,,,1
湛える,fill,,,1
溶け合う,melt together,,,1
申し渡す,make an offer,,,1
睨み合う,stare at each other,,,1
咲き乱れる,bloom in profusion,,,1
嗜む,enjoy,,,1
気付かす,notice,,,1
侍る,serve,,,1
弔う,mourn,,,1
作り直す,remake,,,1
送り付ける,send,,,1
仕立て上げる,tailor,,,1
燃え尽きる,burn up,,,1
連れ戻す,bring back,,,1
書き写す,transcribe,,,1
労う,work on it,,,1
見違える,look different,,,1
癒える,heal,,,1
ざわめく,make a noise,,,1
手繰る,hand over,,,1
華やぐ,flourish,,,1
踏み締める,tread down,,,1
切り付ける,cut,,,1
懸かる,hang on,,,1
読み替える,reread,,,1
象る,symbolize,,,1
媚びる,flatter,,,1
尽かす,exhaust,,,1
寝惚ける,fall asleep,,,1
詰め寄る,be close to someone's face,,,1
薄汚れる,get dirty,,,1
押し通す,push through,,,1
押し入る,push in,,,1
言い添える,add a word or phrase to something,,,1
忍ばせる,put something in someone's mouth,,,1
取り決める,arrange,,,1
盗み出す,steal,,,1
謗る,slander,,,1
号する,call a name,,,1
立ち現われる,appear on the scene,,,1
嗄れる,become hoarse,,,1
冷え込む,get cold,,,1
引ける,recede,,,1
踏み止まる,stop,,,1
連れ去る,take away,,,1
騒ぎ立てる,make a commotion,,,1
ごった返す,crowd,,,1
奥まる,go deep,,,1
躍り出る,leap out,,,1
屈む,bend down,,,1
奮い立つ,get excited,,,1
咳く,cough,,,1
舞い下りる,soar,,,1
慮る,consider,,,1
撃ち込む,shoot,,,1
へたり込む,sink into,,,1
蝕む,undermine,,,1
はにかむ,be bashful,,,1
提げる,present,,,1
取り纏める,organize,,,1
羨む,envy,,,1
思い悩む,ponder,,,1
捜し当てる,find,,,1
震え上がる,tremble,,,1
招き入れる,invite in,,,1
そそり立つ,soar,,,1
切り立つ,cut to the quick,,,1
唆す,inspire,,,1
眠り込む,put to sleep,,,1
呼び付ける,call to mind,,,1
掻き消す,drown out,,,1
転がり込む,roll in,,,1
度重なる,repeat,,,1
迎え撃つ,intercept,,,1
力む,force,,,1
立ち塞がる,stand in the way,,,1
巻き付く,wrap itself around you,,,1
貶す,undermine,,,1
肥える,grow fat,,,1
そびれる,towering over,,,1
切り抜く,cut through,,,1
食い付く,bite back,,,1
跳ね返す,bounce back,,,1
狭まる,narrow,,,1
捩じれる,twist,,,1
見放す,give up,,,1
浮き出る,emerge,,,1
滅入る,perish,,,1
誘い出す,lure,,,1
滾る,boil,,,1
荒れ狂う,rage,,,1
感付く,perceive,,,1
思い至る,come to mind,,,1
先んずる,precede,,,1
燃え盛る,burst into flames,,,1
解き明かす,unveil,,,1
囀る,sing,,,1
満ち足りる,be full to the brim,,,1
詰め掛ける,crowd,,,1
嘗め回す,lick,,,1
取り下げる,withdraw,,,1
破く,tear,,,1
挟まる,pinch,,,1
連れ帰る,take back,,,1
出直す,come back,,,1
有り余る,have more than enough,,,1
秀でる,excel,,,1
込み入る,get stuck in,,,1
古ぼける,grow old,,,1
失する,lose,,,1
空かす,empty,,,1
挫ける,falter,,,1
光り輝く,shine,,,1
乗り回す,ride around,,,1
張り込む,stake out,,,1
売り付ける,sell,,,1
漬け込む,soak it all in,,,1
締め切る,shut down,,,1
寂れる,lapse,,,1
似せる,imitate,,,1
透かす,make transparent,,,1
寄せ付ける,bring together,,,1
祟る,haunt,,,1
繋ぎ止める,hold together,,,1
引き合う,attract each other,,,1
擦り替える,rub against each other,,,1
遭わす,make (someone) to meet (someone),,,1
見透かす,see through,,,1
沈み込む,sink,,,1
廃れる,go out of business,,,1
踏み潰す,trample down,,,1
入り乱れる,get mixed up in,,,1
与する,give,,,1
罷る,dismiss,,,1
牛耳る,control,,,1
殉ずる,be a martyr,,,1
回り込む,go around,,,1
揺らめく,swing,,,1
慣らす,get used to,,,1
連れ添う,accompany,,,1
自惚れる,be self-conceited,,,1
絶やす,exterminate,,,1
吸い上げる,suck up,,,1
惚れ込む,fall in love,,,1
居た堪れる,stay with me,,,1
割り振る,assign,,,1
被さる,cover,,,1
読み直す,read again,,,1
熱り立つ,get passionate about,,,1
受け合う,accept,,,1
高ずる,be exalted,,,1
滑り落ちる,slip down,,,1
塗り替える,repaint,,,1
戦ぐ,fight,,,1
考え合わせる,consider,,,1
仕留める,finish off,,,1
問い直す,ask again,,,1
上擦る,improve,,,1
押し進める,push forward,,,1
買い戻す,buy back,,,1
出歩く,go out,,,1
気触れる,get in touch with,,,1
遣らかす,do something about it,,,1
ダブる,dabble,,,1
危ぶむ,worry about,,,1
突き合わせる,be at odds with each other,,,1
備え付ける,provide for,,,1
持ち去る,take away,,,1
飾り立てる,decorate,,,1
慌てふためく,be in a hurry,,,1
澄み切る,clear,,,1
救い出す,rescue,,,1
取り分ける,divide,,,1
遜る,compliant,,,1
殴り付ける,strike (a person),,,1
領する,take possession of,,,1
差し押さえる,seize,,,1
くぐもる,mumble,,,1
訛る,speak with an accent,,,1
折り返す,turn back,,,1
食い下がる,bite down,,,1
あやかる,take advantage of,,,1
吃る,stutter,,,1
引きちぎる,tear off,,,1
飛び跳ねる,jump up and down,,,1
拾い集める,pick up the pieces,,,1
妬む,envy,,,1
煎ずる,roast,,,1
呼び覚ます,call to mind,,,1
走り出る,run out,,,1
訴え掛ける,appeal to someone,,,1
座り直す,sit down again,,,1
捉え直す,recapture,,,1
和える,make peace,,,1
振り出す,shake out,,,1
渡り歩く,walk across,,,1
泡立つ,foam,,,1
突っ突く,poke and prod,,,1
挙がる,come up,,,1
解れる,unravel,,,1
拱く,fold your arms,,,1
掬い上げる,scoop up,,,1
蹴散らす,kick out,,,1
嘯く,boast,,,1
娶る,take to wife,,,1
鞭打つ,whip,,,1
写し取る,copy,,,1
不貞腐れる,be unfaithful,,,1
言わす,say,,,1
持ち寄る,gather and bring,,,1
勘繰る,be suspicious of,,,1
垂れ流す,"spill, discharge",,,1
押し倒す,push down,,,1
走り込む,run into,,,1
飽き足る,be satisfied,,,1
積み重なる,"pile up, accumulate, stack up",どんどん積み重なる感情。,Emotions that keep piling up.,1
滴り落ちる,"drip, trickle down",薬が滴り落ちるのを防ぐために。,To prevent the medicine from dripping.,1
逸らかす,"dodge, evade",,,1
刺し殺す,stab to death,,,1
分け与える,"distribute, share",,,1
伸し上がる,"rise to, attain",,,1
じゃれ合う,mess around,楽しそうにじゃれ合う。,They play happily together.,1
被る,"incur, suffer, receive, sustain",大きな損害を被る。,Suffer great losses.,1
覆る,"overturn, capsize, overthrow",政権が覆る。,The government is overthrown.,1
逮捕する,arrest-apprehend-capture,見つけて殺人罪で逮捕する。,Find them and arrest them for murder.,6
捕獲する,capture-seizure,それを捕獲することは困難です。,It is difficult to capture them.,6
抽出する,extract-select-sample,ファイルをリモートのテープドライブから抽出する。,Extract files from a remote tape drive.,6
入学する,admit-enrol-to a school,両親は私がその大学に入学することを期待している。,My parents expect me to enroll in that college.,6
輸入する,import,国内に輸入することを可能にした。,It enabled them to be imported into the country.,6
入院する,hospitalize,入院する必要がありますか。,Do I need to be hospitalized?,6
入浴する,bathe,私はたいてい寝る前に入浴する。,I usually bathe before going to bed.,6
記入する,enter-fill in-fill out,店は情報を記入する。,The shop will fill out information.,6
入場する,enter-admit-go in,チェックして次の日に無料で入場することができます。,Check it out and get free admission the next day.,6
侵入する,invade-incur-raid-penetrate,システムに侵入する最も簡単です。,It is the easiest way to penetrate a system.,6
入社する,joining a company,技術者として入社する。,He joins the company as an engineer.,6
購入する,buy-purchase,小さなタケノコを購入する前に。,Before buying small bamboo shoots.,6
入手する,acquire-obtain-procure,最新バージョンを入手することをお勧めします。,It is recommended that you obtain the latest version.,6
導入する,introduce-bring in-install-set up,適切なテクノロジーを導入する。,Implement appropriate technology.,6
介入する,intervene-interfere,彼女のプライバシーに介入するな。,Do not intervene in her privacy.,6
加入する,join-become a member-sign-affiliate,協会に加入すると言う人々が大勢います。,There are many people who say they will join the association.,6
入賞する,win a prize-place high in rankings,様々なコンクールで入賞する。,He won prizes in various competitions.,6
投入する,throw in-insert-deposit-invest,我々はそれに資金を投入する。,We will put money into it.,6
潜入する,infiltrate-sneak in,特殊な装置を使って彼女の意識下に潜入する。,A special device is used to infiltrate her consciousness.,6
入力する,inout-data entry,必要であれば場所を直接入力する。,Enter the location directly if necessary.,6
入国する,entry into a country,船は今日の夕方サンフランシスコに入国する。,The ship will enter San Francisco this evening.,6
突入する,rush into-break into,警察がバーに突入した。,The police charged into the bar.,6
入札する,bid-tender,欲しいなら入札する必要がある。,"If you want it, you need to bid on it.",6
流入する,influx-flows,その水が飲料水源に流入する可能性があります。,The water could then flow into drinking water sources.,6
参入する,enter to market-introduce,表面パターンデザインの分野に参入することを目指しています。,We aim to enter the field of surface pattern design.,6
電話する,phone call,途中で彼女に電話するよ。,I'll call her on the way.,6
結婚する,marry,彼らはやがて結婚するだろう。,They will eventually get married.,6
旅行する,travel,最近は車で旅行する人が多い。,Many people travel by car these days.,6
料理する,cook,彼女は家族のために料理するのが好きです。,She loves to cook for her family.,6
散歩する,take a walk,夕方私は犬と散歩する。,In the evening I walk with my dog.,6
掃除する,clean,彼女はお母さんが家を掃除するのを手伝った。,She helped her mother clean the house.,6
洗濯する,wash-laundry,このシャツを洗濯する必要があります。,This shirt needs to be washed.,6
生活する,live,君もすぐに大都市で生活することに慣れるだろう。,You too will soon get used to living in a big city.,6
注意する,notice-be careful-caution-pay attention,飲食上の衛生に注意する。,Pay attention to hygiene in eating and drinking.,6
説明する,explain-describe,今は説明する時間がない。,I don't have time to explain now.,6
関係する,connect-relate-involve-influence,我々は音声コミュニケーションに関係する研究に焦点を当てる。,We will focus on studies related to speech communication.,6
研究する,study-research,無駄を減らすための食品加工技術を研究する。,Research food processing techniques to reduce waste.,6
