Expression,Structure,Meaning,Remarks,Sentence,Korean,English,Spanish,Level
nai,Vneg-stem + nai ⇢ Vnai,not doing,informal negative: do not or will not perform the action,助手は空港まで迎えに行かないんだ。,조수는 공항까지 마중을 나가지 않는다.,My assistant doesn't pick me up at the airport.,Mi asistente no me recoge en el aeropuerto.,brainless
nakatta,Vneg-stem + nakatta ⇢ Vnakatta,was not done,informal past negative: the action was not performed,彼は人々についてあまり知らなかった。,그는 사람에 대해 잘 몰랐다.,He did not know much about the people.,No sabía mucho de la gente.,brainless
naide,Vneg-stem + naide ⇢ Vnaide,without doing・not having do,proceed to next action without doing the first one,動かないでじっと見てる。,움직이지 않고 가만히 보고 있다.,Stare at it without moving.,Miradas inmóviles.,brainless
zuni,Vneg-stem + zuni ⇢ Vzuni,without doing・not having do,proceed to next action without doing the first one,ドキュメントを保存せずにセッションを終了する。,문서를 저장하지 않고 세션을 종료한다.,Exit the session without saving the document.,Salir de la sesión sin guardar el documento.,brainless
nakute,Vneg-stem + nakute ⇢ Vnakute,not doing and,do not or will not perform the first action and then proceed to the next・first clause may imply the reason to to cause second clause,彼女は進めなくておかしくなってる。,그녀는 더 이상 진행하지 않아도 될 것 같다.,She is freaking out because she can't move on.,Se está volviendo loca porque no puede seguir adelante.,brainless
masu,Vnoun-stem + masu ⇢ Vmasu,to do,polite form of the verb,追加の合図と徴候は含みます。,추가 신호와 징후를 포함한다.,Additional cues and indications include.,Otros indicios y señales son.,brainless
masen,Vnoun-stem + masen ⇢ Vmasen,not to do,negative polite form of the verb,署名のないアプリケーションで開けません。,서명이 없는 응용 프로그램에서는 열리지 않습니다.,Cannot open with unsigned application.,No se puede abrir en aplicaciones no firmadas.,brainless
masen deshita,Vnoun-stem + masen deshita ⇢ Vmasen-deshita,was not done,past negative polite form of the verb,今朝まで症状がモニターに現れませんでした。,오늘 아침까지 증상이 모니터에 나타나지 않았습니다.,Symptoms did not appear on the monitor until this morning.,Los síntomas no aparecieron en el monitor hasta esta mañana.,brainless
nagara,Vnoun-stem + nagara,while,action performed simultaneously and done by a single person,音楽を聞きながら料理します。,음악을 들으며 요리합니다.,I cook while listening to music.,Cocino mientras escucho música.,brainless
tai,Vnoun-stem + tai,want to,speaker's desire or hope for an action,京都に住みたいです。,교토에 살고 싶어요.,I want to live in Kyoto.,Quiero vivir en Kioto.,brainless
ta kunai,Vnoun-stem + takunai,don’t want to,speaker's desire or hope for not doing an action,雨の日は仕事に行きたくないです。,비오는 날에는 출근하고 싶지 않습니다.,I don't want to go to work on rainy days.,No quiero ir a trabajar los días de lluvia.,brainless
ta kunakatta,Vnoun-stem + takunakatta,did not want to,speaker's desire or hope from past not to do the action,そんなの見たくなかった。,그런 걸 보고 싶지 않았다.,I didn't want to see that.,No quería ver eso.,brainless
koto ga arimasu,Vru + koto ga arimasu,do sometimes,occasionally doing something,時々日本料理を作ることがあります。,가끔 일본 요리를 만들기도 합니다.,Sometimes I cook Japanese food.,A veces cocino comida japonesa.,brainless
te kudasai,Vte + kudasai,please do,"give instruction, request, recommendation",来週も来てください。,다음 주에도 오세요.,Please come again next week.,"Por favor, vuelve la semana que viene.",brainless
naide kudasai,Vnaide + kudasai,please don’t do,tell or ask someone not to do something,このスケジュールを変更しないでください。,이 스케줄을 변경하지 마세요.,Please do not change this schedule.,No cambies este horario.,brainless
te kara,Vte + kara,after doing,"successive actions, continuing states, start point of a certain change",制服に着替えてから仕事を始めます。,유니폼으로 갈아입고 일을 시작한다.,"After changing into a uniform, you will begin your work.",Me pongo el uniforme antes de empezar a trabajar.,brainless
ta koto ga arimasu,Vta + koto ga arimasu,have done,indicates experience,学生の頃に映画を撮ったことがあります。,학창시절에 영화를 찍은 적이 있습니다.,I have made films when I was a student.,He hecho películas cuando era estudiante.,brainless
ta koto ga arimasen,Vta + koto ga arimasen,have not done,indicates non-experience,当社は納期の遅れを経験したことがありません。,우리 회사는 납기 지연을 경험한 적이 없습니다.,We have never experienced delays in delivery.,Nuestra empresa nunca ha sufrido retrasos en las entregas.,brainless
moraimashita,Sender ni・kara + Object o + moraimashita,received something,receptive,友人から電話をもらいました。,친구로부터 전화를 받았다.,I got a call from a friend.,Recibí una llamada de un amigo.,brainless
kuremashita,Sender ga・wa + Recipient ni + Object o + kuremashita,gave something to someone ,giving from outer circle to inner circle,おじさんがぼくにカメラをくれました。,아저씨가 제게 카메라를 주셨어요.,My uncle gave me a camera.,Mi tío me regaló una cámara.,brainless
agemashita,Sender ga・wa + Recipient ni + Object o + agemashita,gave something to someone,giving from inner circle to outer circle or outer to outer circle,私は妹に人形をあげました。,나는 여동생에게 인형을 주었다.,I gave my sister a doll.,Yo le regalé una muñeca a mi hermana.,brainless
itadakimashita,Sender ni・kara + Object o + itadakimashita,received something,receptive: repectful form,読者からたくさん反響をいただきました。,독자들로부터 많은 호응을 얻었습니다.,We received a lot of feedback from our readers.,Recibí muchos comentarios de los lectores.,brainless
kudasaimashita,Sender ga・wa + Recipient ni + Object o + kudasaimashita,gave something to someone ,giving: outer circle to inner circle・honorific form,いろいろと役立つ助言をくださいました。,여러 가지 도움이 되는 조언을 해주셨습니다.,He gave me a lot of useful advice.,Me dieron todo tipo de consejos útiles.,brainless
sashiagemashita,Sender ga・wa + Recipient ni + Object o + sashiagemashita,gave something to someone,giving: inner circle to outer circle・humble form,最終勝者に商品を差し上げました。,최종 우승자에게 상품을 증정했습니다.,The final winner was given the product.,Regalé un producto al ganador final.,brainless
kara,Clause + kara,because,state a reason or cause,とても疲れているから走れない。,너무 피곤해서 달릴 수 없다.,I can't run because I'm very tired.,Estoy muy cansado y no puedo correr.,brainless
koto ni narimashita,Vru + koto ni narimashita,has been decided・it became a thing,"a schedule, plan, etc. is determined regardless of one's will",明日友達と新宿へ行くことになりました。,내일 친구와 함께 신주쿠에 가게 되었습니다.,I am going to Shinjuku tomorrow with a friend.,Mañana voy a Shinjuku con mis amigos.,brainless
koto ni narimashita,Vnai + koto ni narimashita,has been decided not to・it did not became a thing,"a schedule, plan, etc. was not determined",一般公募としては行わないことになりました。,일반 공모는 하지 않기로 했습니다.,It was decided not to do this as a general application.,Hemos decidido no hacerlo en público.,brainless
ka dou ka,Plain form + ka dou ka,whether or not,embeds a question that can be answered with a yes or no,今夜の飲み会に行けるかどうかまだわかりません。,오늘 밤 술자리에 갈 수 있을지는 아직 모르겠다.,I still don't know if I can make it to the drinking party tonight.,Aún no sé si podré ir a tomar algo esta noche.,brainless
you ni narimashita,Vru + you ni narimashita,gets to a point・reach a point where・started to,change in status from what it was before,あらゆる主要オペレーティング環境もサポートするようになりました。,모든 주요 운영 환경도 지원하게 되었습니다.,All major operating environments are now supported.,Ahora también son compatibles todos los entornos operativos importantes.,brainless
you ni narimashita,Vpot + you ni narimashita,became able to do,change in ability,日本語の新聞を読めるようになりました。,일본어 신문을 읽을 수 있게 되었습니다.,I am now able to read Japanese newspapers.,Ahora puedo leer periódicos japoneses.,brainless
dasu,Vnoun-stem + dasu,begin to・starts to,start of an operation,雨が急に降り出したのでコンビニで雨が止むのを待った。,비가 갑자기 내리기 시작해서 편의점에서 비가 그치기를 기다렸다.,"It began to rain suddenly, so I waited for the rain to stop at a convenience store.","Empezó a llover de repente, así que me fui a una tienda y esperé a que dejara de llover.",brainless
te morau,Doer ni + Vte + morau,receive some action from someone・get someone to do something,someone performed an action for the benefit of the speaker as may requested,誰かに調べてもらう必要があります。,누군가가 알아볼 필요가 있습니다.,We need someone to look into this.,Necesitamos a alguien que lo compruebe.,brainless
te kureru,Recipient ni + Vte + kureru,do something for someone・to do a favor,the subject performed an action for the benefit of the speaker or its associate,プレイヤーにゲームの基礎を教えてくれる。,플레이어에게 게임의 기초를 알려준다.,It teaches players the basics of the game.,Enseña a los jugadores los fundamentos del juego.,brainless
te ageru,Recipient ni + Vte + ageru,do something for someone・to do a favor,the speaker or its associate performed an action for the benefit of someone,家族や友達に料理をしてあげるのが大好きなの。,가족이나 친구들에게 요리를 해주는 것을 좋아해요.,I love to cook for my family and friends.,Me encanta cocinar para mi familia y mis amigos.,brainless
te yaru,Recipient ni + Vte + yaru,do something for someone・to do a favor,the speaker or its associate performed an action for the benefit of someone,新しいやつを買ってやるよ。,새로운 것을 사줄게.,I'll buy you a new one.,Te compraré uno nuevo.,brainless
te itadaku,Doer ni + Vte + itadaku,receive some action from someone・get someone to do something,someone performed an action for the benefit of the speaker as may requested: respectful form,この画面は店頭での購入時に提示していただくものです。,이 화면은 매장에서 구매 시 제시해야 하는 화면입니다.,This screen is to be presented at the time of purchase in the store.,Esta pantalla debe presentarse en el punto de venta de la tienda.,brainless
te kudasaru,Recipient ni + Vte + kudasaru,do something for someone・to do a favor,the subject performed an action for the benefit of the speaker or its associate: honorific form,日常の仕事の際にも共にいてくださいます。,일상적인 업무에도 함께 해주신다.,He is with us in our daily work.,Le acompañará durante su trabajo diario.,brainless
te sashiageru,Recipient ni + Vte + sashiageru,do something for someone・to do a favor,the speaker or its associate performed an action for the benefit of someone: humble form,すぐに新しいのを買って差し上げますから。,곧 새 것을 사서 보내드릴 테니까요.,I'll buy you a new one right away.,Te compraré una nueva ahora mismo.,brainless
hajimeru,Vnoun-stem + hajimeru,start to do,"an action, phenomenon, habit, etc. begins",韓国語を勉強し始めるつもりです。,한국어 공부를 시작할 생각입니다.,I intend to start studying Korean.,Voy a empezar a estudiar coreano.,brainless
owaru,Vnoun-stem + owaru,finish doing,"an action, phenomenon, habit, etc. ends",使い終わったら元の場所に戻してくださいね。,다 사용한 후에는 원래 있던 자리에 다시 놓아주세요.,Please put it back in its original place when you are done using it.,"Por favor, devuélvela donde la encontraste cuando termines de usarla.",brainless
tari tari suru,Vta + ri + Vta + ri suru,do and do among other things,express a representative action among other actions,僕は漫画を読んだりアニメを見たりするのが好きです。,저는 만화를 읽거나 애니메이션을 보는 것을 좋아합니다.,I like to read manga and watch anime.,Me gusta leer manga y ver anime.,brainless
ta mama,Vta + mama,leaving it as it is・with something on,same condition continues unchanged,どうぞ靴を履いたままお上りください。,신발을 신은 채로 올라가주세요.,Please come up with your shoes on.,"Por favor, sube con los zapatos puestos.",brainless
nai mama,Vnai + mama,without doing・not having something,a null condition continues unchanged,夫は理由を知らないままこのように思うのです。,남편은 이유도 모른 채 이렇게 생각한다.,My husband thinks this way without knowing why.,Mi marido piensa así sin saber por qué.,brainless
no mama,N no + mama,leaving it as it is・with something on,same condition continues unchanged,もちろん製品価格は据え置きのままです。,물론 제품 가격은 그대로 유지된다.,"Of course, the product price remains unchanged.","Por supuesto, el precio del producto no cambia.",brainless
na mama,Na-Adj na + mama,leaving it as it is・with something on,same condition continues unchanged,いつまでも母には綺麗なままでいてほしい。,어머니가 언제까지나 아름다우셨으면 좋겠어요.,I want my mother to stay beautiful forever.,Quiero que mi madre siga siendo guapa siempre.,brainless
mama,I-Adj + mama,leaving it as it is・with something on,same condition continues unchanged,彼らは若いままでいたいのよ。,그들은 젊음을 유지하기를 원한다.,They want to stay young.,Quieren seguir siendo jóvenes.,brainless
tara dou desu ka,Vtara + dou desu ka,why don’t you,a way of suggesting that the other person perform a certain action,いい天気なんだから外で遊んだらどうですか。,날씨가 좋으니 밖에서 놀면 어떨까요?,"It's a beautiful day, why don't you go outside and play?","Hace un día precioso, ¿por qué no sales a jugar?",brainless
temo,Vte・I-Adj-kute + mo,although・even・even if,could be hypothetical condition where the first is satisfied and the second is not or with less expectation,雨が降ってもコンサートは行う予定です。,비가 와도 콘서트는 계속 진행될 예정이다.,The concert will be held even if it rains.,"Aunque llueva, el concierto tendrá lugar.",brainless
de mo,Nde + mo,although・even・even if,could be hypothetical condition where the first is satisfied and the second is not or with less expectation,この問題は子供でもわかります。,이 문제는 아이들도 알 수 있다.,Even a child can understand this problem.,Incluso los niños pueden entender este problema.,brainless
de mo,Nde + mo,how about・would you like to have a,offer something to someone,お茶でも飲まない？,차라도 마실래요?,Would you like a cup of tea?,¿Quieres una taza de té?,brainless
nakutemo,Vnakute・Nnakute・I-Adj-kunakute + mo,although it’s not・even it’s not・even if it’s not,could be hypothetical condition where the first is satisfied and the second is not or with less expectation,彼女を思い出せなくても教えは覚えてる。,그녀를 기억하지 못해도 그녀의 가르침은 기억한다.,I remember the teachings even if don’t remember her.,"No me acuerdo de ella, pero sí de la enseñanza.",brainless
te oku,Vte + oku,do something in advance,preparation for a certain purpose or future benefit・leave nothing undone,授業の前にわからない単語は調べておきます。,수업 전에 모르는 단어는 미리 알아두세요.,I will look up any unfamiliar words before class.,Buscaré las palabras que no sepa antes de la clase.,brainless
te mo ii,Vte + mo ii,it is ok to・it is alright to,"express permission, approval, possibility or an offer",ベッドが空いてればどこで寝てもいいのよ。,침대만 비어 있으면 어디서 자도 상관없어요.,You can sleep anywhere as long as there's a bed available.,"Puedes dormir donde quieras, siempre que la cama esté vacía.",brainless
te mo ii desu ka,Vte + mo ii desu ka,is it ok to・is it alright to,"ask permission, approval or some possibility",窓を開けてもいいですか。,창문을 열어도 되나요?,May I open the window?,¿Puedo abrir la ventana?,brainless
nakutemo ii,Vnakute + mo ii,it is ok not to・it is alright not to,"express permission, approval, possibility or an offer of not doing",効果はいつか現れるか考えなくてもいい。,효과가 언제 나타날지 생각하지 않아도 된다.,You don't have to think about when the effects will show up.,No tengo que pensar en cuándo aparecerán los efectos.,brainless
nakutemo ii desu ka,Vnakute + mo ii desu ka,is it ok not to・is it alright not to,"ask permission, approval or some possibility of not doing",もう決められた道を進まなくてもいいですか。,이제 정해진 길을 가지 않아도 되나요?,Do I no longer have to follow a predetermined path?,¿Ya no tiene que seguir una ruta predeterminada?,brainless
te mo kamaimasen,Vte + mo kamaimasen,i don’t mind of you doing・it’s  not a problem to,"express permission, approval, acceptability, possibility, tolerance or concession",ファイル名は編集してもかまいません。,파일 이름은 편집할 수 있습니다.,File names may be edited.,Puede editar el nombre del archivo.,brainless
nakutemo mo kamaimasen,Vnakute + mo kamaimasen,i don’t mind of you not doing・it’s  not a problem not to,"express permission, approval, acceptability, possibility, tolerance or concession of not doing",この後の手順は読まなくてもかまいません。,이 후의 절차는 읽지 않아도 됩니다.,You do not need to read the steps that follow.,No tiene que leer las instrucciones que siguen.,brainless
tsutzukeru,Vnoun-stem + tsutzukeru,continue doing・keen on,express continuity of doing,できるかぎりの愛を与え続ける。,할 수 있는 한 계속 사랑을 베풀어라,Keep giving as much love as you can.,Sigue dando todo el amor que puedas.,brainless
toiu,N + toiu + N,called・named,"used to say the name of a thing, person, or place that the other person does not know",これは即席ラーメンという作品です。,이것은 즉석 라면이라는 작품입니다.,This is a work called Instant Ramen.,Esta es una obra llamada Ramen Instantáneo.,brainless
kata,Vnoun-stem + kata,how to do・way to do,express way of doing,料理教室で日本料理の作り方を習っています。,요리 교실에서 일본 요리 만드는 법을 배우고 있습니다.,I am learning how to cook Japanese food in a cooking class.,Estoy aprendiendo a cocinar comida japonesa en una clase de cocina.,brainless
te miru,Vte + miru,try doing,go give it a try to find out more about a certain thing and see what it feels like,ほかの誰かからメモリを借りてみる。,다른 사람에게서 메모리를 빌려본다.,Try to borrow memory from someone else.,Intento tomar prestado un recuerdo de otra persona.,brainless
te mitai,Vte + mitai,would like to try doing,would like to give it a try to find out more about a certain thing and see what it feels like,京都に行ったら着物を着てみたいです。,교토에 가면 기모노를 입어보고 싶어요.,I would like to wear a kimono when I visit Kyoto.,"Si voy a Kioto, quiero llevar un kimono.",brainless
te mite kudasai,Vte + mite kudasai,please give it a try・please try to do,express a request to give it a try to find out more about a certain thing,意味を調べてみてください。,의미를 알아보세요.,Please look up the meaning.,Averigua qué significa.,brainless
te mite mo ii desu ka,Vte + mite mo ii desu ka,is it ok to try・is it alright to try,"ask permission, approval or some possibility to give it a try to know more further",ちょっと着てみてもいいですか。,잠깐 입어봐도 될까요?,May I try it on for a minute?,¿Puedo probármelo un rato?,brainless
te miyou kana,Vte + miyou kana,wondering of trying to do something,express some thoughts of trying to do something,時間がある時はここを走ってみようかな。,시간 날 때 이곳을 달려볼까.,I might try to run here when I have time.,"Cuando tenga tiempo, me gustaría conducir hasta aquí.",brainless
yasui,Vnoun-stem + yasui,easy to do,express easiness of doing something,どんな車が運転しやすいと思いますか。,어떤 차가 운전하기 편하다고 생각하십니까?,What kind of car do you think is easy to drive?,¿Qué tipo de coche crees que es fácil de conducir?,brainless
nikui,Vnoun-stem + nikui,hard to do,express the difficulty of doing something,この魚は骨が多くて食べにくいです。,이 생선은 뼈가 많아 먹기 힘들다.,This fish has many bones and is difficult to eat.,Este pescado es difícil de comer porque tiene muchas espinas.,brainless
you ni suru,Vru + you ni suru,would like to do something,intentionally do something to make some changes,注文変更を作成出来るようにする。,주문 변경을 생성할 수 있도록 한다.,Allow order changes to be created.,Podré crear un cambio de orden.,brainless
koto ni suru,Vru + koto ni suru,decided to do,decided to do something of your own volition,次の夏休みに海外旅行することにしました。,다음 여름방학에 해외여행을 가기로 했다.,I have decided to travel abroad during my next summer vacation.,He decidido viajar al extranjero durante las próximas vacaciones de verano.,brainless
nai koto ni suru,Vnai + koto ni suru,decided no to do,decided not to do something of your own volition,今年は参加しないことにしました。,올해는 참가하지 않기로 했다.,I have decided not to participate this year.,He decidido no participar este año.,brainless
ni suru,Na-Adj + ni suru,do something to change something,intentionally doing something to an object to make it change,部屋を綺麗にします。,방을 청소합니다.,Clean up the room.,Voy a limpiar mi habitación.,brainless
ku suru,I-Adj + ku suru,do something to change something,intentionally doing something to an object to make it change,つまりハードウェアの計算速度そのものを速くする。,"즉, 하드웨어의 계산 속도 자체를 빠르게 하는 것이다.","In other words, the hardware computation speed itself is increased.","En otras palabras, acelerar la propia velocidad de cálculo del hardware.",brainless
ni suru,N + ni suru,to decide on,decide on one of several options,僕はコーヒーにします。,저는 커피로 하겠습니다.,I'll have coffee.,Tomaré café.,brainless
ni shiyou kana,N + ni shiyou kana,wondering to decide on,express some thoughts to decide on one of several options,次回は何パーティーにしようかな。,다음에는 어떤 파티를 할까?,What party should we have next time?,¿Qué fiesta haremos la próxima vez?,brainless
te aru,Vte + aru,has been done,resultative: current condition due to consequence of past occurrence・result of te-oku is te-aru,机の上にメモが置いてあるなあ。,책상 위에 메모가 놓여 있네요.,I see you have a note on your desk.,Veo que has dejado una nota en mi mesa.,brainless
noni,Plain form + noni,though・despite・even though・but,"express a converse cause, contrast of expressions, some unexpected result, feeling of surprise or dissatisfaction",手術したのにまだ足が痛いんです。,수술했는데도 여전히 다리가 아파요.,"I had surgery, but my leg still hurts.",Aún me duele la pierna después de la operación.,brainless
noni,Plain form + noni,in order to・for・to,"express some purpose but with expressions comes after like: use, useful, necessary, essential, take",彼を説得するのには時間が必要です。,그를 설득하는 데는 시간이 필요하다.,It will take time to convince him.,Necesito tiempo para convencerle.,brainless
o-ni naru,o-Vnoun-stem + ni naru,to do,express something to do in honorific form,社長はお帰りになりますか。,사장님은 돌아가시나요?,Is the president going home?,¿Se va el jefe?,brainless
go-ni naru,go-Vsuru-stem + ni naru,to do,express something to do in honorific form,工場をご見学になりますか。,공장 견학을 원하십니까?,Would you like to visit our factory?,¿Le gustaría visitar la fábrica?,brainless
o-shimasu,o-Vnoun-stem + shimasu,to do,express something to do in humble form,その点について詳しくお話しします。,그 점에 대해 자세히 이야기해 보겠습니다.,I will discuss this point in detail.,Le contaré más cosas.,brainless
go-shimasu,go-Vsuru-stem + shimasu,to do,express something to do in humble form,これらの問題点の原因をご説明します。,이러한 문제의 원인을 설명합니다.,I will explain the causes of these problems.,Le explicaré las causas de estos problemas.,brainless
ba,Vcmd-stem + ba ⇢ Vcond-ba,if doing,"conditional ba-form: condition can be predicted naturally, occurs generally, repeatedly, universal truth and customs",そこのボタンを押せば電気がつきますよ。,저기 있는 버튼을 누르면 전기가 켜져요.,"If you press the button there, the lights will come on.","Si aprietas el botón de ahí, se encenderá la electricidad.",brainless
kereba,I-Adj + i ⇢ kere + ba,if it is,"conditional ba-form: condition can be predicted naturally, occurs generally, repeatedly, universal truth and customs",高ければ輸出できないし関税が必要になる。,비싸면 수출을 할 수 없고 관세를 내야 한다.,"If they are too expensive, they cannot be exported and tariffs will be required.","Si es demasiado caro, no podremos exportarlo y tendremos que pagar derechos de aduana.",brainless
naraba,Na-Adj・N + nara ba,if it is,"conditional ba-form: condition can be predicted naturally, occurs generally, repeatedly, universal truth and customs",出発は来週の予定ならば何も起こっていません。,출발은 다음 주 예정이라면 아무 일도 일어나지 않고 있다.,"If the departure is scheduled for next week, nothing will be happening.","Si su salida está prevista para la semana que viene, no ha pasado nada.",brainless
de areba,Na-Adj・N + de are ba,if it is・if there is・if you have,"conditional ba-form: condition can be predicted naturally, occurs generally, repeatedly, universal truth and customs",仕事であればとっくに退職していただろう。,일이었다면 이미 오래전에 은퇴했을 것이다.,"If it had been a job, I would have retired long ago.","Si fuera un trabajo, ya me habría ido hace tiempo.",brainless
ga areba,Na-Adj・N + ga are ba,if it is・if there is・if you have,"conditional ba-form: condition can be predicted naturally, occurs generally, repeatedly, universal truth and customs",もし機会があれば是非使ってみてください。,기회가 된다면 꼭 한번 사용해 보시기 바랍니다.,"If you have a chance, please use it.","Si tiene la oportunidad, aprovéchela.",brainless
nakereba,Vnai ⇢ Vnakere + ba,if you are not doing,"conditional negative ba-form: condition can be predicted naturally, occurs generally, repeatedly, universal truth and customs",データベースが存在しなければ作成する。,데이터베이스가 존재하지 않으면 생성한다.,"If the database does not exist, create it.","Si la base de datos no existe, créela.",brainless
ga nakereba,Na-Adj・N + ga nakere ba,if it is not・if there is no・if you don’t have,"conditional negative ba-form: condition can be predicted naturally, occurs generally, repeatedly, universal truth and customs",バックアップがなければ心配は増えます。,백업이 없으면 걱정이 많아진다.,"If there is no backup, the worries only increase.","Si no tiene una copia de seguridad, tiene más de qué preocuparse.",brainless
dou-ba ii desu ka,dou-Vcond-ba + ii desu ka,what should i,asking some suggestions or recommendation,パスワードを忘れた場合はどうすればいいですか。,비밀번호를 잊어버린 경우 어떻게 해야 하나요?,What should I do if I forget my password?,¿Qué pasa si he olvidado mi contraseña?,brainless
dou-ba ii desu ka,dou-Vcond-ba + ii desu ka,how should i・how do i,asking some suggestions or recommendation,スピーカーの構成をテストするにはどうすればいいですか。,스피커 구성을 테스트하려면 어떻게 해야 하나요?,How do I test a speaker configuration?,¿Cómo puedo probar la configuración del altavoz?,brainless
douyatte-ba ii desu ka,douyatte-Vcond-ba + ii desu ka,how should i・how do i,asking some suggestions or recommendation,そのプロセスをどうやって測っていけばいいですか。,그 과정을 어떻게 측정하면 좋을까요?,How should i measure this process?,¿Cómo puedo medir el proceso?,brainless
dokode-ba ii desu ka,dokode-Vcond-ba + ii desu ka,where do i・where can i,asking some suggestions or recommendation,航空券はどこで受け取ればいいのですか。,항공권은 어디서 받을 수 있나요?,Where do I pick up my airline ticket?,¿Dónde recibo mis billetes de avión?,brainless
dokoni-ba ii desu ka,dokoni-Vcond-ba + ii desu ka,where do i・where can i,asking some suggestions or recommendation,ファイルをどこに保存すればいいですか。,파일을 어디에 저장해야 하나요?,Where do I save my files?,¿Dónde debo guardar mis archivos?,brainless
itsu-ba ii desu ka,itsu-Vcond-ba + ii desu ka,when do i・when should i,asking some suggestions or recommendation,インデックスの再構築はいつ行えばいいですか。,인덱스 재구축은 언제 해야 하나요?,When should I rebuild the index?,¿Cuándo debo reconstruir el índice?,brainless
nani o-ba ii desu ka,nani o-Vcond-ba + ii desu ka,what do i・what should i・what can i,asking some suggestions or recommendation,何を持って行けばいいですか。,무엇을 가져가야 하나요?,What should I bring?,¿Qué debo llevar conmigo?,brainless
nanji ni-ba ii desu ka,nanji ni-Vcond-ba + ii desu ka,when should i・what time should i,asking some suggestions or recommendation,何時にホテルを出ればいいのですか。,몇 시에 호텔을 나가야 하나요?,What time should I leave the hotel?,¿A qué hora debo dejar el hotel?,brainless
dere ni-ba ii desu ka,dare ni-Vcond-ba + ii desu ka,who can i・to whom should i,asking some suggestions or recommendation,誰に相談すればいいですか。,누구와 상담해야 하나요?,Who can I talk to?,¿Con quién debo ponerme en contacto para pedir ayuda?,brainless
ikura-ba ii desu ka,ikura-Vcond-ba + ii desu ka,how much should i・how much do i have to,asking some suggestions or recommendation,いくらお支払いすればいいですか。,얼마를 지불해야 하나요?,How much should I pay?,¿Cuánto debo pagar?,brainless
ikutsu-ba ii desu ka,ikutsuVcond-ba + ii desu ka,how many should i・how many do i have to,asking some suggestions or recommendation,仮想メディアはいくつ設定すればいいですか。,가상 미디어는 몇 개나 설정해야 하나요?,How many virtual media should I set up?,¿Cuántos soportes virtuales debo instalar?,brainless
nara,Plain form + nara,if it is the case that,"conditional nara-form: express a case situation, advice, requests or invitations・interchangeable clauses",コンビニに行くならおやつ買ってくれませんか。,편의점에 가면 간식 좀 사줄래요?,"If you are going to the convenience store, can you buy me a snack?","Si voy a una tienda, ¿pueden invitarme a un tentempié?",brainless
nara-ga ii,Plain form + nara-ga ii,if it is the case that.. is good,conditional nara-form: express a case situation and an advice,ゆっくり楽しむなら平日がいいだろう。,천천히 즐기려면 평일이 좋을 것 같다.,"If you want to enjoy it slowly, weekdays are a good time.","Si vas a tomarte tu tiempo y disfrutar, un día entre semana sería mejor.",brainless
nara-hou ga ii,Plain form + nara-hou ga ii,if it is the case that.. is better,conditional nara-form: express a case situation and an advice,逃げようとしてるなら急いだ方がいいな。,도망치려 한다면 서두르는 게 좋을 것 같다.,"If you're trying to escape, you'd better hurry.","Si quieres escapar, mejor date prisa.",brainless
toka-toka,Plain form + toka + Plain form + toka,such as・like・among other things,"cite a thing, an instance or an example among others",英語だけじゃなくて韓国語とか日本語とかも話せるんだよ。,"영어뿐만 아니라 한국어, 일본어 등 다양한 언어를 구사할 수 있어요.","I can speak not only English, but also Korean and Japanese.","No sólo hablo inglés, sino también coreano y japonés.",brainless
shi-shi,Plain form + shi + Plain form + shi,and・and what’s more,connects multiple reasons but not naming all of it,日本は便利だし、綺麗だし、いつか住んでみたいです。,"일본은 편리하고, 아름답고, 언젠가 살아보고 싶어요.","Japan is convenient, beautiful, and I would like to live there someday.","Japón es cómodo y bonito, me gustaría vivir allí algún día.",brainless
to,Vru・Vnai + to,if doing or not doing,"conditional to-form: condition can be predicted naturally, occurs generally, repeatedly or happens customarily",この道をまっすぐ行くと病院がありますよ。,이 길로 쭉 가면 병원이 있어요.,"If you go straight down this road, you'll find the hospital.","Si sigues recto por esta carretera, hay un hospital.",brainless
to,I-Adj + to,if it is,"conditional to-form: condition can be predicted naturally, occurs generally, repeatedly or happens customarily",成績が悪いと卒業できませんよ。,성적이 나쁘면 졸업할 수 없어요.,"If the grades are bad, you can't graduate.","Si no sacas buenas notas, no te graduarás.",brainless
to,Na-Adj・N + da to,if it is,"conditional to-form: condition can be predicted naturally, occurs generally, repeatedly or happens customarily",部屋が綺麗だと気持ちがいいですね。,방이 깨끗하면 기분이 좋아진다.,"If the room is clean, it feels good.",Sienta bien tener una habitación limpia.,brainless
tara,Vta + ra,if it is done,"conditional tara-form: condition can be predicted naturally, result occurs only once, fixed or hypothetical condition, request or recommendation",もし早く終わったら間違いがないか見直しをしてください。,"만약 빨리 끝났다면, 실수가 없는지 다시 한 번 점검해 보세요.","If you finish early, review it for errors.","Si terminas antes, repásalo para ver si hay errores.",brainless
ta hou ga ii,Vta + hou ga ii,it is better to,suggests a personal or general opinion or advice,雨が降るので帰ったほうがいい。,비가 내릴 것 같으니 돌아가는 것이 좋다.,"It's going to rain, so you'd better go home.",Deberías irte a casa porque va a llover.,brainless
nai hou ga ii,Vnai ＋hou ga ii,it is better no to,suggests a personal or general opinion or advice,そこで手術をしないほうがいい。,그래서 수술을 하지 않는 것이 좋다.,It is better not to do surgery there.,No debe operar allí.,brainless
you ni,Vru + you ni,in order to・to,express a purpose,最大の重量負荷を満たすように設計された。,최대 중량 하중을 충족하도록 설계되었습니다.,Designed to meet maximum weight loads.,Está diseñado para soportar cargas máximas.,brainless
you ni,Vpot + you ni,in order to be able to・so that someone can ,express a purpose: preceding verb can use non-volitional or potential verb to express a change in state,子供でも食べられるように少し甘く作っています。,아이들도 먹을 수 있도록 조금 달게 만들어서 먹기 좋게 만들었습니다.,It is made a little sweet so that even children can eat it.,Está hecho ligeramente dulce para que puedan comerlo incluso los niños.,brainless
you ni,Vnai + you ni,in order not to・so that someone can’t ,express a purpose,子供が触らないように高いところに置いておきます。,아이가 만지지 못하도록 높은 곳에 놓아둔다.,Place it in a high place so that children do not touch it.,Colóquelo en un lugar alto para que los niños no puedan tocarlo.,brainless
you ni-kudasai・shinasai・onegaishimasu,Vru・Vnai + you ni + kudasai・shinasai・onegaishimasu,please do to・please do not to,express admonition,風邪を引かないようにご注意ください。,감기에 걸리지 않도록 주의하세요.,Please be careful not to catch a cold.,Tenga cuidado de no resfriarse.,brainless
hazu da,Vru・Vta・I-Adj・Na-Adj+na・Na-Adj+datta・N+no・N+datta + hazu da,it must be・it should be・it is expected to be,express some expectation that will take place or took place,明日の朝には大型の台風が接近するので学校は休みになるはずだ。,내일 아침에는 대형 태풍이 다가오기 때문에 학교는 쉬게 될 것이다.,Schools should be closed tomorrow morning as a large typhoon approaches.,"Un gran tifón se aproxima mañana por la mañana, por lo que la escuela debe estar cerrada.",brainless
hazu ga nai,Vru・Vta・I-Adj・Na-Adj+na・Na-Adj+datta・N+no・N+datta + hazu da,it is unlikely・it cannot be・it is impossible,express some expectation that will take place or took place,この問題は君に解けるはずがない。,이 문제는 네가 풀 수 있는 문제가 아니다.,There is no way you can solve this problem.,No hay forma de resolver este problema.,brainless
kamoshirenai,Plain form + kamoshirenai,perhaps・might be,indicates possibility,しかしこの見積もりは多すぎるかもしれない。,그러나 이 추정치는 너무 많을 수도 있다.,But this estimate may be too much.,Pero esta estimación puede ser excesiva.,brainless
sou desu,Plain form + sou desu,i heard that・it is said that,convey information you have seen or heard to others,天気予報によると午後から雨が降るそうです。,일기예보에 따르면 오후부터 비가 내린다고 한다.,"According to the weather forecast, it will rain in the afternoon.",La previsión meteorológica dice que lloverá por la tarde.,brainless
sou desu,I-Adj + i ⇢ sou desu,looks like・appears to be・seeming,describe the appearance or impression the speaker has seen,とっても辛そうなカレーですね。,아주 매울 것 같은 카레네요.,That looks like a very spicy curry.,El curry parece muy picante.,brainless
sou desu,Vnoun-stem + sou desu,looks like・appears to be・seeming,describe the appearance or impression the speaker has seen,雲がだんだん黒くなって雨が降りそうです。,구름이 점점 짙어지고 비가 내릴 것 같다.,The clouds are getting darker and darker and it looks like it will rain.,Las nubes son cada vez más negras y parece que va a llover.,brainless
sou desu,Na-Adj・N + sou desu,looks like・appears to be・seeming,describe the appearance or impression the speaker has seen,彼のおばあさんは元気そうです。,그의 할머니는 건강해 보인다.,His grandmother looks fine.,Su abuela tiene buen aspecto.,brainless
dare ka,dare + ka,someone・on who is to,interrogative: indefinite,誰かが以前より速く動いてます。,누군가가 이전보다 더 빠르게 움직이고 있습니다.,Someone is moving faster than before.,Alguien va más rápido que antes.,brainless
doko ka,doko + ka,somewhere・on where to,interrogative: indefinite,どこか旅行に行きたい。,어디론가 여행을 떠나고 싶다.,I want to travel somewhere.,Quiero viajar a algún sitio.,brainless
dore ka,dore + ka,one of them・on which to,interrogative: indefinite,オプションの場所には次のどれかひとつを使います。,옵션 위치는 다음 중 하나를 사용합니다.,Use one of the following for the optional location,Utiliza uno de los siguientes lugares opcionales,brainless
ikura ka,ikura + ka,some amount・on how much to,interrogative: indefinite,テーブルの上に置く美しい花がいくらか欲しい。,테이블 위에 놓을 수 있는 아름다운 꽃을 몇 송이 갖고 싶다.,I would like some beautiful flowers to put on the table.,Quiero unas flores bonitas para poner en la mesa.,brainless
ikutsu ka,ikutsu + ka,some number・several・on how many to,interrogative: indefinite,群論のデータベースもいくつか用意している。,군론에 대한 데이터베이스도 몇 가지 준비돼 있다.,Several databases of group theory are also available.,También tenemos algunas bases de datos de teoría de grupos.,brainless
itsu ka,itsu + ka,sometime・on when to,interrogative: indefinite,いつか準備が出来たら教えて。,언젠가 준비가 되면 알려주세요.,Let me know when you are ready sometime.,Avísame cuando estén listas en algún momento.,brainless
nani ka,nani + ka,something・on what to,interrogative: indefinite,それでも何かが起こるのを感じ取ります。,그럼에도 불구하고 무언가 일어나고 있다는 것을 느낀다,"Still, I sense that something is going to happen.","Aún así, presiento que algo va a pasar.",brainless
dare demo,dare + demo,anyone,interrogative: distributive,注意を払えば誰でも分かる。,조금만 주의를 기울이면 누구나 알 수 있다.,Anyone who pays attention can see it.,Cualquiera que preste atención lo sabrá.,brainless
doko demo,doko + demo,anywhere,interrogative: distributive,装置はあなたとどこでも取ることができます。,장비는 당신과 함께 어디에서나 가져갈 수 있습니다.,The device can be taken anywhere with you.,Los dispositivos se pueden llevar a cualquier parte.,brainless
dore demo,dore + demo,whichever,interrogative: distributive,その中でどれでも一番あなたに似合っているものを選んでください。,그 중 자신에게 가장 잘 어울리는 것을 선택하면 된다.,Choose whichever of these suits you best.,Elige el que más te convenga.,brainless
ikura demo,ikura + demo,any amount・no matter how much,interrogative: distributive,いくらでもサーバー上でコントロールできます。,서버에서 얼마든지 제어할 수 있습니다.,You can control it on the server as much as you want.,Puedes controlarlo en el servidor tanto como quieras.,brainless
ikutsu demo,ikutsu + demo,any number・no matter how many,interrogative: distributive,滞在する国の数はいくつでも良いのですか。,체류하는 국가는 몇 개라도 상관없습니까?,Can I stay in any number of countries?,¿En cuántos países puedes estar?,brainless
itsu demo,itsu + demo,anytime・whenever,interrogative: distributive,それはどこでもいつでも起こることができる。,그것은 언제 어디서든 일어날 수 있다.,It can happen anywhere and at any time.,Puede ocurrir en cualquier lugar y en cualquier momento.,brainless
nan demo,nan + demo,anything,interrogative: distributive,今日は奢るから何でも注文していいよ。,오늘은 내가 사줄 테니 뭐든 주문해도 된다.,I'll buy you a drink today and you can order anything you want.,"Hoy te invito a una copa, puedes pedir lo que quieras.",brainless
rareru,Vru ⇢ Vrareru (Grp 2: Ichidan Verbs),can be able to do,potential form: express an ability to do something,和食を気軽に食べられるアットホームなお店です。,일식을 편하게 먹을 수 있는 가정적인 분위기의 가게입니다.,It is an at-home restaurant where you can eat Japanese food in a casual atmosphere.,Este es un restaurante casero donde puedes comer comida japonesa en un ambiente informal.,brainless
rareru,V∗u ⇢ V∗eru (Grp 1: Godan Verbs),can be able to do,potential form: express an ability to do something,彼は日本語と英語の両方をたやすく話せる。,그는 일본어와 영어를 모두 쉽게 구사할 수 있다.,He can speak both Japanese and English with ease.,Habla japonés e inglés con facilidad.,brainless
koto ga dekiru,Vru + koto ga dekiru,be able to do,express an ability to do something,彼はわたしより速く走ることができる。,그는 나보다 더 빨리 달릴 수 있다.,He can run faster than I can.,Puede correr más rápido que yo.,brainless
koto ga dekinai,Vru + koto ga dekinai,not able to,express an ability to do something,私たちは本当にそれを取ることができない。,우리는 정말 그것을 취할 수 없다.,We really can't take it.,No podemos soportarlo.,brainless
n desu,Plain form + n desu,it is that・the fact is that・the reason is that,give some explanation or reason about some thing and show some emphasis,それを映画のオープニングで使うんです,그것을 영화의 오프닝에 사용하죠.,We will use that in the opening of the film.,Vamos a usar eso en la apertura de la película.,brainless
n desu ka,Plain form + n desu ka,what is that・why is that・what’s the reason,fetching some explanation or reason,何が起きてるんですか。,무슨 일이 일어나고 있나요?,What is happening?,Lo que está pasando.,brainless
n desu ga,Plain form + n desu ga,and・so・though・but,express an introductory statement,ずっと興味があったんですがなかなか踏み切れず。,계속 관심은 있었지만 좀처럼 발걸음을 떼지 못했어요.,"I've always been interested in it, but I couldn't take the plunge.","Siempre he estado interesado en él, pero no podía dar el paso.",brainless
n da kedo,Plain form + n da kedo,and・so・though・but,express an introductory statement,さっき助けてもらったんだけど彼のこと知ってるですか。,"아까 도움을 받았는데, 그 사람에 대해 알고 계세요?","He helped me a while ago, do you know him?","Me ayudó hace tiempo, pero ¿le conoces?",brainless
nakeraba naranai,Vnai ⇢ Vnakereba + naranai,must do・should do,"means it is necessary, essential or obligatory to do something",日本では家に入るとき靴を脱がなければなりません。,일본에서는 집에 들어갈 때 신발을 벗어야 한다.,"In Japan, you have to take off your shoes when entering a house.",En Japón hay que quitarse los zapatos al entrar en una casa.,brainless
nakereba ikenai,Vnai ⇢ Vnakereba + ikenai,must do・should do,"means it is necessary, essential or obligatory to do something",私が演説をしなければいけないのですか。,제가 연설을 해야 하는 건가요?,Do I have to give a speech?,¿Tengo que dar un discurso?,brainless
nakereba dame da,Vnai ⇢ Vnakereba + dame da,must do・should do,"means it is necessary, essential or obligatory to do something",それを基本に話を進めなければだめです。,그것을 바탕으로 이야기를 진행해야 합니다.,You have to talk about it on that basis.,Tienes que basar tu discurso en eso.,brainless
nakute wa naranai,Vnai ⇢ Vnakute + wa + naranai,must do・should do,"means it is necessary, essential or obligatory to do something",出かける前に食べなくてはならない。,외출하기 전에 꼭 먹어야 한다.,I have to eat before I go out.,Tienes que comer antes de salir.,brainless
nakute wa ikenai,Vnai ⇢ Vnakute + wa + ikenai,must do・should do,"means it is necessary, essential or obligatory to do something",ぼくたちはいつも規則を守らなくてはいけない。,우리는 항상 규칙을 지켜야 한다.,We must always follow the rules.,Siempre hay que seguir las normas.,brainless
nakute wa dame da,Vnai ⇢ Vnakute + wa + dame da,must do・should do,"means it is necessary, essential or obligatory to do something",周囲には気をつけなくてはだめですね。,주변을 잘 살피지 않으면 안 되겠군요.,You have to be careful about your surroundings.,Tenemos que ser conscientes de lo que nos rodea.,brainless
nai to naranai,Vnai + to + naranai,must do・should do,"means it is necessary, essential or obligatory to do something",結局いつかは話さないとならない。,결국 언젠가는 이야기해야 한다.,Eventually we will have to talk about it sometime.,Al final hay que hablar en algún momento.,brainless
nai to ikenai,Vnai + to + ikenai,must do・should do,"means it is necessary, essential or obligatory to do something",でも何かは使わないといけないでしょう。,하지만 무언가를 사용해야 할 것이다.,But something will have to be used.,Pero habrá que usar algo.,brainless
nai to dame da,Vnai + to + dame da,must do・should do,"means it is necessary, essential or obligatory to do something",宿題はすぐ片付けないとだめですよ。,숙제는 빨리 끝내야 해요.,You need to get your homework done right away.,Hay que hacer los deberes enseguida.,brainless
nakucha,Vnai ⇢ Vnakute + wa ⇢ Vnakucha,must do・should do,"inflected: means it is necessary, essential or obligatory to do something",試験勉強をしなくちゃ。,시험 공부를 해야지.,I have to study for the exam.,Tenemos que estudiar para los exámenes.,brainless
nakya,Vnai ⇢ Vnakereba ⇢ Vnakya,must do・should do,"inflected: means it is necessary, essential or obligatory to do something",我々の位置を秘密にしなきゃ。,우리의 위치를 비밀로 해야 한다.,We have to keep our location secret.,Tenemos que mantener nuestra ubicación en secreto.,brainless
nai to,Vnai ⇢ Vnaito,must do・should do,"inflected: means it is necessary, essential or obligatory to do something",友達を助けに行かないと。,친구를 도와주러 가야겠다.,I have to go help my friend.,Tenemos que ir a ayudar a nuestros amigos.,brainless
no,Plain form + no?・Na-Adj+na + no・N+na + no,a question,informal question,図書館でどんな本を借りるの？,도서관에서 어떤 책을 빌리나요?,What kind of books do you borrow from the library?,¿Qué libros coges prestados de la biblioteca?,brainless
you desu,Vplain-form・I-Adj-plain-form + you desu,look like・look as if・be like・appear・seem,"express what the speaker feels, infers, hid impression or his conjectural judgement by using the five senses",治療が役に立ったようです。,치료가 도움이 된 것 같습니다.,The treatment seems to have helped.,El tratamiento parece haber ayudado.,brainless
you desu,Na-Adj+na・N+no + you desu,look like・look as if・be like・appear・seem,"express what the speaker feels, infers, hid impression or his conjectural judgement by using the five senses",これは今日の政治のようです。,이것이 오늘날의 정치인 것 같다.,This seems to be the politics of the day.,Esta parece ser la política del día.,brainless
you ni,Vplain-form・I-Adj-plain-form・Na-Adj+na・N+no + you ni,like・as,"express what the speaker feels, infers, hid impression or his conjectural judgement by using the five senses",シャワーを浴びたようにぬるているね。,샤워를 한 듯이 촉촉하게 젖어 있네요.,It's wet as if you took a shower.,Estás más mojado que una regadera.,brainless
you na,Vplain-form・I-Adj-plain-form・Na-Adj+na・N+no + you na + N,like・as,"express what the speaker feels, infers, hid impression or his conjectural judgement by using the five senses",どことなく修学旅行のような雰囲気です。,어딘지 모르게 수학여행 같은 분위기다.,The atmosphere is somewhat like a school trip.,Es algo así como una excursión escolar.,brainless
ni iku,Vnoun-stem・N + ni iku,go to do,to go for the purpose of or in order to do,今日私たちは踊りに行きます。,오늘 우리는 춤을 추러 간다.,Today we are going dancing.,Hoy vamos a bailar.,brainless
ni kuru,Vnoun-stem・N + ni kuru,come to do,to come for the purpose of or in order to do,多くの観光客が食べに来ます。,많은 관광객들이 먹으러 온다.,Many tourists come to eat.,Muchos turistas vienen a comer.,brainless
ni kaeru,Vnoun-stem・N + ni kaeru,return to do,to return for the purpose of or in order to do,家に取りに帰ります。,집에 가져가서 가져가겠습니다.,I'm going home to get it.,Voy a casa a buscarlo.,brainless
te shimaimashitta,Vte + shimaimashitta,happens accidentally or incidentally・completely done,express some feeling of regret or disappointment,ユーザを削除してしまいました。,사용자를 삭제했습니다.,I have deleted a user.,He borrado un usuario.,brainless
chatta,Vte shimatta ⇢ Vchatta,happens accidentally or incidentally・completely done,express some feeling of regret or disappointment,香水の瓶を割っちゃったの？,향수병을 깨뜨렸다고요?,Did you break a bottle of perfume?,¿Has roto un frasco de perfume?,brainless
zuni,Vnai ⇢ Vzuni,without doing・not having something,proceed doing the second clause without doing the first clause,朝ごはんを食べずに来たのでお腹がペコペコです。,아침을 먹지 않고 왔기 때문에 배가 고프다.,I came here without breakfast and I am starving.,He venido sin desayunar y me muero de hambre.,brainless
sezuni,Vnoun-stem + sezuni,without doing・not having something,proceed doing the second clause without doing the first clause,息子は宿題もせずに遊びに出かけた。,아들은 숙제도 하지 않고 놀러 나갔다.,My son went out to play without doing his homework.,Mi hijo salió a jugar sin hacer los deberes.,brainless
mairimasu,iku・kuru ⇢ mairimasu,go・come,humble form: come and go,もし必要ならば明日９時に参ります。,필요한 경우 내일 9시에 올게요.,"If necessary, I will come tomorrow at 9:00.","Si me necesitas, vendré mañana a las 9 de la mañana.",brainless
orimasu,imasu ⇢ orimasu,to be・to be..ing・to exist,humble form: to be and exist,まずは電気自動車の発売が控えております。,우선 전기차 출시를 앞두고 있다.,"First of all, electric vehicles are about to be launched.","En primer lugar, estamos a punto de lanzar un coche eléctrico.",brainless
to moushimasu,to iimasu ⇢ to moushimasu,to say・to be called,humble form: to say and be called,毎日新聞のマイクと申します。,저는 매일신문의 마이크라고 합니다.,My name is Mike from Mainichi Newspaper.,"Me llamo Mike, del periódico Mainichi.",brainless
haiken shimasu,miru ⇢ haiken shimasu,see・look,humble form: to see or look,以前の予約を拝見します。,이전 예약을 받습니다.,I will see your previous reservation.,Me gustaría ver sus citas anteriores.,brainless
ukagaimasu,kikmasu・tazunemasu ⇢ ukagaimasu,ask・visit,humble form: to ask or visit,今後の展開を伺います。,앞으로의 전개가 궁금합니다.,I would like to ask about future developments.,Me gustaría preguntarle sobre futuros desarrollos.,brainless
ni gozaimasu,N + ni gozaimasu,located・situated・to be somewhere,polite form: to be located,ドライヤーは大浴場にございます。,드라이어는 대욕장에 있습니다.,Hair dryers are located in the main bathroom.,Hay secadores de pelo en el baño principal.,brainless
de gozaimasu,N + de gozaimasu,to exist・to be something,polite form: to exist,全室禁煙でございます。,전 객실 금연입니다.,All rooms are non-smoking.,Todas las habitaciones son para no fumadores.,brainless
o-kudasai,o-Vnoun-stem + kudasai,please do,honorific from: please do,できる限り詳しくお書きください。,가능한 한 자세하게 적어주세요.,Please be as detailed as possible.,"Por favor, facilite tantos detalles como sea posible.",brainless
go-kudasai,go-Vsuru-stem + kudasai,please do,honorific from: please do,詳細はコントローラーをご覧ください。,자세한 내용은 컨트롤러를 참조하십시오.,Please see the controller for details.,Consulte el controlador para obtener más información.,brainless
tsumori da,Vru・Vnai + tsumori da,plan or intend to do,express an intention to do something,来年パリ見物をするつもりです。,내년에 파리 관광을 할 생각입니다.,I plan to visit Paris next year.,Tengo intención de visitar París el año que viene.,brainless
tsumori wa nai,Vru + tsumori wa nai,not mean or intend to,express of not intending to do something,個人攻撃のつもりはない。,인신공격의 의도는 없다.,I don't mean to make a personal attack.,No pretendo hacer ataques personales.,brainless
mae ni,Vru + mae ni,before,before doing something,ご飯を食べる前に薬を飲んでください。,밥을 먹기 전에 약을 먹어야 합니다.,Take the medicine before eating.,"Por favor, tome su medicina antes de comer su comida.",brainless
mae ni,N no + mae ni,before,before something,結婚式の前にしなければならないことがたくさんあります。,결혼식을 앞두고 해야 할 일이 많다.,"Before the wedding, there are many things that must be done.",Hay mucho que hacer antes de la boda.,brainless
mae ni,Nno-Nperiod・Nevent-Nperiod + mae ni,before,before some period or some time,劇場ホールは上演開始30分前に開場します。,극장 홀은 공연 시작 30분 전에 문을 연다.,The theater hall will open 30 minutes before the performance begins.,La sala del teatro abre 30 minutos antes de que empiece la función.,brainless
mae ni,Nperiod + mae (ni),ago,past some period or some time,飛行機は３０分前に到着してる。,비행기는 몇 분 전에 도착해 있다.,His plane arrived half an hour ago.,El avión llega media hora antes.,brainless
mae de,N no + mae de,in front of,in front of someone do perform an action,ただ戦車の前でじっと座ってる。,그냥 탱크 앞에 가만히 앉아 있다.,Just sitting still in front of the tank.,Quédate sentado frente al tanque.,brainless
ato,N no・Vta + ato,after,follows after: refers to continuing events,祭りの後ごみがいっぱいだった。,축제 후 쓰레기가 가득했다.,There was a lot of trash after the festival.,Había mucha basura después del festival.,brainless
ato ni,N no・Vta + ato ni,after,right after: refers to a specific point in time after the end of the first event,食べた後に歯を磨きます。,식사 후 양치질을 한다.,Brush your teeth after eating.,Lávate los dientes después de comer.,brainless
ato de,N no・Vta + ato de,after,later or after sometime: refers to time after the first event in general,勉強した後でシャワーを浴びます。,공부하고 나서 샤워를 합니다.,Take a shower after studying.,Me ducho después de estudiar.,brainless
to-to-dochira-desu ka,(N wa) + N to + N (to) + dochira (no hou) ga + Adj + desu ka,"as for, between.. which one is the.. ?",ask someone which is more.. from the selection,肉と魚とどちら好きですか。,고기와 생선 중 무엇을 더 좋아하세요?,"Which do you like better, meat or fish?",¿Prefieres carne o pescado?,brainless
to-to-docchi-desu ka,(N wa) + N to + N (to) + docchi (no hou) ga + Adj + desu ka,"as for, between.. which one is the.. ?",ask someone which is more.. from the selection,ダンスは小さい頃日本舞踊とバレエとどっちがいいですか。,춤은 어렸을 때 일본무용과 발레 중 어느 쪽을 선택해야 할까?,"As for dance, when you were little, which was better, Japanese dance or ballet?","¿Qué preferías bailar cuando eras pequeño, danza japonesa o ballet?",brainless
to-to-to-no dore-desu ka,(N wa) + N (to) + N (to) + N (to) + no dore ga + (ichiban) Adj + desu ka,"as for, between.. which one is the.. ?",ask someone which is more.. from the selection,ジョッキは、大、中、小のどれがいいですか。,"머그잔은 대, 중, 소 중 어느 것이 좋을까요?","Do you prefer a large, medium, or small mug?","¿Prefiere una jarra de cerveza grande, mediana o pequeña?",brainless
to-to-dochira mo-nai,N to + N (to) + dochira mo + .. nai,neither of them is..,express that no one in the selection is more..,一意に余極限と範囲どちらも創出しない。,독특하게도 여극과 극한을 만들지 않는다.,It does not uniquely create either an extra limit or range.,No se crean extremos ni rangos.,brainless
yori-no houga,N yori + N no hou ga,than this.. this one is more,express that the other one is more than the other,野球よりサッカーの方がずっと面白いです。,야구보다 축구가 훨씬 더 재미있어요.,Soccer is much more interesting than baseball.,El fútbol es mucho más interesante que el béisbol.,brainless
hodo-nai,N wa + N hodo + Adj-nai,as for.. its not as.. as.. to that extent,express that the other one is no more than the other,新潟は京都ほど有名じゃないです。,니가타는 교토만큼 유명하지 않습니다.,Niigata is not as famous as Kyoto.,Niigata no es tan famosa como Kioto.,brainless
tameni,N no・Vru + tame (ni),in order to,"express a purpose or an objective of an action: both subjects in both clauses must be the same, own’s volition, achieve some state or profession (ni naru + tame ni)",車を買うために貯金しています。,자동차를 사기 위해 저축을 하고 있습니다.,I am saving up to buy a car.,Estoy ahorrando para comprarme un coche.,brainless
tameni,N no + tame (ni),for,for the benefit or sake of someone or something,監査およびコンプライアンスのためにセキュリティ関連アクションのログを収集しました。,감사 및 규정 준수를 위해 보안 관련 작업 로그를 수집했습니다.,Logs of security-related actions were collected for audit and compliance purposes.,Se recopilaron registros de acciones relacionadas con la seguridad con fines de auditoría y cumplimiento.,brainless
tameni,Vplain-form・I-Adj-plain-form・Na-Adj na・N no + tame (ni),because of・due to,express the cause or reason which my result to some situation,大雨のために試合は中止になった。,폭우로 인해 경기는 중단되었다.,The match was cancelled due to heavy rain.,El partido se canceló debido a las fuertes lluvias.,brainless
you,Vru ⇢ Vyou (Grp 2: Ichidan Verbs) ⇢ Vvol,let’s do・shall we do,volitional-verb: making a choice or decision to do something,日時を決めて一緒にランチを食べよう。,날짜와 시간을 정해 함께 점심을 먹자.,Let's set a date and time and have lunch together.,Pongamos fecha y hora para comer juntos.,brainless
ou,V∗u ⇢ V∗ou (Grp 1: Godan Verbs) ⇢ Vvol,let’s do・shall we do,volitional-verb: making a choice or decision to do something,明日フリーマーケットに行こうよ。,내일 벼룩시장에 가자.,Let's go to the flea market tomorrow.,Vayamos mañana al mercadillo.,brainless
darou,Plain form + darou,probably・it seems・most likely,express predictions or conjecture about past or present events,子供でも違いがわかるだろう。,아이들도 그 차이를 알 수 있을 것이다.,Even a child would know the difference probably.,Hasta un niño notará la diferencia.,brainless
deshou,Plain form + deshou,probably・it seems・most likely,polite form: express predictions or conjecture about past or present events,彼は列車に間に合うでしょう。,그는 기차를 탈 수 있을 것이다.,He will make it to the train probably.,Llegará al tren.,brainless
darou to omou,Plain form + darou to omou,i think it would be・i think perhaps,express conjecture or sumrise,彼女は難なく試験に通るだろうと思う。,그녀는 어렵지 않게 시험에 합격할 것 같다.,I think she will pass the test without difficulty.,Pasará el examen sin dificultad.,brainless
to iu,Plain form + to iu,to say・to call・to tell,express direct or indirect quotation and report a statement,彼の医師もそれが奇跡であったと言いました。,그의 의사도 그것이 기적이라고 말했다.,His doctors also said it was a miracle.,Su médico también dijo que era un milagro.,brainless
you ni iu,(Recepient ni) + Vplain + you ni iu,to tell to do,"tell something like a command, prohibition, directions or advice to someone",彼女は学生達に座るように言いました。,그녀는 학생들에게 앉으라고 말했다.,She told the students to sit down.,Les dijo a los alumnos que se sentaran.,brainless
you ni iwareru,(Doer ni) + Vplain + you ni iwareru,got told by someone to do,"get or receive something like a command, prohibition, directions or advice from someone",医者にお酒を飲まないように言われました。,의사가 술을 마시지 말라고 했다.,The doctor told me not to drink alcohol.,El médico me ha dicho que no beba alcohol.,brainless
you to suru,Vvol + to suru,try to・attempt to・about to,intends to do and be about to perform it・indicates of making an effort to accomplish the intention,あの子はきらいな野菜を一生懸命食べようとしています。,그 아이는 싫어하는 채소를 열심히 먹으려고 애쓰고 있습니다.,That child is trying his best to eat vegetables that he hates.,"El chico se esfuerza mucho por comer verduras, que odia.",brainless
to omou,Plain form + to omou,i think that,express an opinion or a guess,それは実に興味深いと思います。,정말 흥미롭다고 생각합니다.,I find that really interesting.,Me parece muy interesante.,brainless
you to omou,Vvol + to omu,i think i will・think to do・plan to do,express volition concerning future plans,今日はまっすぐ帰ろうと思います。,오늘은 바로 돌아갈 생각입니다.,I think I will go straight home today.,Hoy me voy directo a casa.,brainless
you to omotteiru,Vvol + to omotteiru,i’m thinking that i will・thinking to do,express volition concerning future plans・resulted to thinking of doing for some time now ,海外へ移住しようと思っています。,해외로 이주할 생각입니다.,I am thinking of moving abroad.,Estoy pensando en mudarme al extranjero.,brainless
rareru,(Nperson⋆group⋆org-Doer ni) + Vneg-stem +rareru ⇢ Vrareru (Grp 2: Ichidan Verbs) ⇢ Vpass,have been・had been・get done by・got done by,express a passive action or being receptive in nature,この報告は政府に受け入れられた。,이 보고서는 정부에 의해 받아들여졌다.,This report has been accepted by the government.,Este informe fue aceptado por el gobierno.,brainless
reru,(Nperson⋆group⋆org-Doer ni) + Vneg-stem +reru ⇢ V∗areru (Grp 1: Godan Verbs) ⇢ Vpass,have been・had been・get done by・got done by,express a passive action or being receptive in nature,朝早く電話で友達に起こされた。,아침 일찍 친구에게 전화로 깨웠다.,I got woke up by a friend early in the morning with a phone call.,Mis amigos me despertaron temprano por la mañana con una llamada telefónica.,brainless
ni yotte-rareru,Nperson⋆group⋆org-Doer + ni yotte + Vpass,have been by・had been by・get done by・got done by,express a passive action done by someone indicated by ni-yotte,この公園の花は市民によって植えられました。,이 공원의 꽃은 시민들이 심은 것이다.,The flowers in this park were planted by citizens.,Las flores de este parque las plantaron los ciudadanos.,brainless
kara-rareru,Nperson⋆group⋆org-Doer + kara + Vpass,made from,express a passive action which is made from something indicated by kara,紙は石油から作られるそうです。,종이는 석유로 만든다고 한다.,Paper is said to be made from petroleum.,El papel se fabrica con petróleo.,brainless
node,Vplain-form・I-Adj-plain-form・Na-Adj na・N na + node,because of・since,express cause or a reason leading to a result,構造もシンプルなのでメンテナンスも容易です。,구조도 단순해 유지보수가 용이하다.,It is also easy to maintain because the structure is simple.,La estructura es sencilla y fácil de mantener.,brainless
ni naru,Na-Adj・N + ni naru,to become,condition of person or thing changes to become something,問題が複雑になる。,문제가 복잡해진다.,The problem becomes more complicated.,El problema es complicado.,brainless
ku naru,I-Adj + i ⇢ ku naru,to become,condition of person or thing changes to become something,このごろ仕事が減って前ほど忙しくなくなった。,요즘은 일이 줄어들어 예전만큼 바쁘지 않다.,These days I work less and am not as busy as I used to be.,Estos días hay menos trabajo y no estamos tan ocupados como antes.,brainless
ru tokoro,Vru + tokoro,about to do,reports the current status or progress of a situation or event: a point in time or a stage immediately before an action or change takes place,私たちはここを出るところです。,우리는 이제 막 이곳을 떠나려고 합니다.,We are about to leave here.,Ya nos vamos.,brainless
teiru tokoro,Vteiru + tokoro,in midst of doing,reports the current status or progress of a situation or event: a point in time or a stage where an action currently in progress,会場の用意をしているところです。,회장을 준비하고 있습니다.,We are preparing the venue.,Estamos preparando el lugar.,brainless
ta tokoro,Vta + tokoro,have just done,reports the current status or progress of a situation or event: a point in time or a stage immediately after an action or change takes place,ちょうどレポートを書き終えたところだ。,방금 보고서를 다 쓴 상태이다.,Just finished writing a report.,Acabamos de terminar nuestro informe.,brainless
teita tokoro,Vteita + tokoro,have been doing,reports the current status or progress of a situation or event: a point in time or a stage where a certain condition continues from previous till now,ちょうど映像を見直していたところだ。,방금 전 영상을 검토하던 중이었다.,We were just reviewing the footage.,Estábamos revisando las imágenes.,brainless
nasai,Vnoun-stem + nasai,do this,soft-firm-polite command,ご飯の前に手を洗いなさいよ。,밥 먹기 전에 손을 씻어라.,Wash your hands before you eat.,Deberías lavarte las manos antes de comer.,brainless
saseru,(Enabler wa・ga + Recepient ni + Object o)・(Enabler wa・ga + Recepient o) + Vneg-stem + saseru ⇢ Vsareru (Grp 2) ⇢ Vcaus,let or make someone do,causative form: let・make・cause・induce someone to do,私は友達にコンピューターを使わせてあげた。,나는 친구에게 컴퓨터를 사용하게 했다.,I let my friend use the computer.,Dejo que mi amigo use el ordenador.,brainless
seru,(Enabler wa・ga + Recepient ni + Object o)・・(Initiator wa・ga + Recipient o) + Vneg-stem + seru ⇢ V∗aseru (Grp 1) ⇢ Vcaus,let or make someone do,causative form: let・make・cause・induce someone to do,私は妹に昼ご飯を作らせた。,나는 여동생에게 점심을 만들게 했다.,I made my sister cook lunch.,Dejo que mi hermana prepare la comida.,brainless
sasete ageru,(Enabler wa・ga + Recepient ni + Object o)・・(Enabler wa・ga + Recipient o) + V∗aseru ⇢ V∗asete + ageru,allow someone to do something or allow something occur,give permission someone to do something or allow something to occur (inner circle to outer circle),彼女は老人に道路を渡らせてあげた。,그녀는 노인에게 길을 건너게 해주었다.,She let the old man cross the road.,Dejó que el anciano cruzara la carretera.,brainless
sasete kureru,(Enabler wa・ga + Recipient ni + Object o)・(Enabler wa・ga + Recipient o) + V∗aseru ⇢ V∗asete + kureru,allow someone to do something or allow something occur,give permission someone to do something or allow something to occur (outer circle to inner circle),そんな体験をさせてくれる初めての駅になるかもしれない。,그런 경험을 할 수 있는 첫 번째 역이 될지도 모른다.,This could be the first station to offer such an experience.,Esta podría ser la primera estación en ofrecer una experiencia de este tipo.,brainless
sasete morau,(Recipient wa + Enabler ni + Object o) + V∗aseru ⇢ V∗asete + morau,,receive a permission from someone to do something or allow something to occur,特定の研修に参加させてもらう。,특정 교육에 참가할 수 있다,I'll be allowed to attend a specific training.,asistir a cursos de formación específicos.,brainless
sasete kudasai,V∗aseru ⇢ V∗asete + kudasai,please let me do,soft polite request: ask permission and allow the speaker to do something,今日は早く帰らせてください。,오늘은 일찍 퇴근시켜 주세요.,Please let me go home early today.,Déjame ir a casa temprano hoy.,brainless
sasete kuremasen ka,V∗aseru ⇢ V∗asete + kuremasen ka,won’t you let me do?,soft polite request: ask permission and allow the speaker to do something,今日の食事はわたしに払わせてくださいませんか。,오늘 식대는 제가 지불하겠습니다.,Will you let me pay for today's meal?,¿Me dejas pagar la comida de hoy?,brainless
sasete moraemasen ka,V∗aseru ⇢ V∗asete + moraemasen ka,would you mind letting me? ,humble request: request and allow the speaker to do something,すみませんが、電話をかけさせてもらえませんか。,"죄송합니다만, 전화를 걸 수 있을까요?","Excuse me, could I make a phone call?","Disculpe, ¿puedo hacer una llamada?",brainless
sasete itadakemasu,V∗aseru ⇢ V∗asete + itadakemasu,please let me do,humble request: request and allow the speaker to do something,相席させていただけますか。,함께 앉을 수 있을까요?,Can you please let us share a table with you?,¿Puedo sentarme contigo?,brainless
sasete itadakemasen ka,V∗aseru ⇢ V∗asete + itadakemasen ka,would you mind letting me? ,humble request: request and allow the speaker to do something,ちょっと気分が悪いのですがここで休ませていただけませんか。,몸이 좀 안 좋은데 여기서 좀 쉬게 해주시겠어요?,"I'm feeling a little sick, but could you please let me rest here?","Me encuentro un poco mal, ¿puedo descansar aquí?",brainless
sasete oku,V∗aseru ⇢ V∗asete + oku,allow to occur,allow or let something occur or happen・non-interference,ヨットを一定の所へ停止させておくために普通は碇を使う。,요트를 일정한 곳에 정지시키기 위해 보통 정박지를 사용한다.,Anchors are usually used to keep yachts stationary.,Las anclas se utilizan normalmente para mantener inmóviles los yates.,brainless
saserareru,(Recipient wa・ga + Enabler ni + Object o)・(Recipient wa・ga + Object o) + Vneg-stem + saserareru ⇢ Vsaserareru (Grp 2) ⇢ Vcaus-pass,"made to do, force to do",causative-passive: received a command or directive and then compelled to do the action ,私は母に部屋を掃除させられた。,나는 어머니에게 방 청소를 시켰다.,I was made to clean the room by my mother.,Mi madre me hizo limpiar mi habitación.,brainless
serareru,(Recipient wa・ga + Enabler ni + Object o)・(Recipient wa・ga + Object o) + Vneg-stem + serareru ⇢ V∗aserareru (Grp 1) ⇢ Vcaus-pass,"made to do, force to do",causative-passive: received a command or directive and then compelled to do the action ,先輩に無理にお酒を飲ませられた。,선배가 강제로 술을 마시게 했다.,I was forced to drink alcohol by my seniors.,Obligado a beber alcohol por el personal superior.,brainless
au,Vnoun-stem + au,mutually do together,do something together or to each other,困った時はみんなで助け合うことが大切だ。,어려울 때는 서로 돕는 것이 중요하다.,It is important that we all help each other in times of trouble.,Es importante que todos nos ayudemos en los momentos difíciles.,muddled
ageku,Vta・N no + ageku,after all・in the end・ended up,did a lot of things but ended up with bad or adverse result,駅で１時間も待ったあげく彼は結局来なかった。,역에서 몇 시간 동안 기다렸지만 그는 결국 오지 않았다.,"After waiting for an hour at the station, he never showed up.",Estuve esperando una hora en comisaría y no apareció.,muddled
amari,Vplain・I-Adj-plain・Na-Adj na・N no + amari,so much.. that,indicates that the degree is so great that an unusual result has occurred as a result,基本的なことですが多忙なあまり忘れられがちです。,기본적인 것이지만 바쁘다는 핑계로 잊혀지기 쉽다.,"It is a basic principle, but it is often forgotten in our busy schedules.","Son cosas básicas, pero a menudo se nos olvidan porque estamos muy ocupados.",muddled
amari-no-ni,amari no + N ni,it is so much.. that,express an extreme degree that yield or causing unusual result,あまりの美しさに何度も振り返りました。,너무 아름다워서 몇 번이고 돌아보게 된다.,It was so beautiful that I turned around many times.,Miré atrás muchas veces para ver lo bonito que era.,muddled
ikura-temo,ikura + Vte + mo,no matter how,indicates unaffected by degree or quantity,いくらお金を積まれてもその仕事はお受けできません。,아무리 많은 돈을 주어도 그 일을 맡을 수 없습니다.,We cannot accept that job no matter how much money you offer.,No podemos aceptar ese trabajo por mucho dinero que nos ofrezcan.,muddled
ni chigai nai,Vplain・I-Adj-plain・N・N+dearu・Na-Adj・Na-Adj+dearu + ni chigai nai,no doubt,express conviction about conjecture・more colloquial than nisouinai,それで環境に良いに違いない。,그래서 환경에 좋을 것임에 틀림없다.,So it must be good for the environment.,Así que debe ser bueno para el medio ambiente.,muddled
ni kimatteiru,Vplain・I-Adj-plain・N・N+dearu・Na-Adj・Na-Adj+dearu + ni kimatteiru,sure・certain・definite,express conclusive conviction of something・confidently asserts something,デパートよりスーパーの方が品物が安いに決まっているよ。,백화점보다 슈퍼에서 물건이 더 싸게 팔리는 건 당연하죠.,Of course the goods are cheaper in supermarkets than in department stores.,"Por supuesto, los productos son más baratos en los supermercados que en los grandes almacenes.",muddled
kamoshirenai,Vplain・I-Adj-plain・N・Na-Adj + ni kamoshirenai,maybe・might・perhaps・probably・possibly,express possibly of something・an uncertain guess with little basis for judgment,走ればなんとか終電に間に合うかもしれない。,달리면 어떻게든 막차를 탈 수 있을지도 모른다.,"If I run, I might manage to catch the last train.","Si corres, puede que consigas coger el último tren.",muddled
atte no,N (no) + atte no + N,comprised of・owes everything to・indispensable to,indicates that the previous matter is essential for the subsequent matter: can be established only when there is,学院は科学研究あっての発展という理念を堅持します。,학원은 과학 연구로 발전한다는 이념을 견지합니다.,The institute adheres to the philosophy that scientific research is the basis for development.,El instituto se adhiere al principio de que la investigación científica es la base del desarrollo.,effortless
ikan da,N (no) + ikan da,in accordance with・depending on・it’s a case contingent on,"indicates that whether or not a certain matter is realized depends on the action, state, or content of the matter",今度の事件をどう扱うかは校長の考え方いかんです。,이번 사건을 어떻게 처리할 것인가는 교장의 생각에 달렸다.,It is up to the principal to decide how to handle the current incident.,Corresponde al director decidir cómo manejar este incidente.,effortless
ikan de,N (no) + ikan de,in accordance with・depending on・it’s a case contingent on,"indicates that whether or not a certain matter is realized depends on the action, state, or content of the matter",商品の説明のし方いかんで売れ行きに大きく差が出てきてしまう。,제품을 어떻게 설명하느냐에 따라 매출에 큰 차이가 있습니다.,"Depending on how you explain the product, there will be a big difference in sales.",La forma de explicar un producto influye mucho en sus ventas.,effortless
ikan ni yotte,N (no) + ikan ni yotte,in accordance with・depending on・it’s a case contingent on,"indicates that whether or not a certain matter is realized depends on the action, state, or content of the matter",原料とする茶葉の品質いかんによって取り引きされる製品の値段には大きな開きがある。,원료가 되는 찻잎의 품질에 따라 거래되는 제품의 가격에는 큰 차이가 있다.,"Depending on the quality of the tea leaves used as raw material, the price of the product traded can vary widely.",La calidad de las hojas de té influye mucho en el precio del producto.,effortless
ikan de wa,N (no) + ikan de wa,in accordance with・depending on・it’s a case contingent on,"indicates that whether or not a certain matter is realized depends on the action, state, or content of the matter",君の今学期の出席率いかんでは進級できないかもしれないよ。,이번 학기 출석률에 따라 진급을 못 할 수도 있어.,"Depending on your attendance this semester, you may not be able to advance to the next level.","Dependiendo de tu asistencia este semestre, es posible que no puedas progresar.",effortless
ikan ni yotte wa,N (no) + ikan ni yotte wa,in accordance with・depending on・it’s a case contingent on,"indicates that whether or not a certain matter is realized depends on the action, state, or content of the matter",展開いかんによっては海外の影響から決して無縁であり続けるわけではありません。,전개 상황에 따라서는 해외의 영향에서 결코 자유로울 수 없는 상황입니다.,"Depending on how things develop, we will never remain immune from foreign influence.","Según cómo evolucionen las cosas, nunca seremos inmunes a las influencias extranjeras.",effortless
ikan ni kakawarazu,N (no) + ikan ni kakawarazu,regardless of・it does’t matter whether,"no matter what is happening before, the result will occur regardless",天候のいかんに関わらず明日の試合は行います。,내일 경기는 날씨와 상관없이 진행됩니다.,"Regardless of the weather, tomorrow's game will be played.","Independientemente del tiempo, el partido de mañana seguirá adelante.",effortless
ikan ni yorazu,N (no) + ikan ni yorazu,regardless of・it does’t depend on whether,"no matter what is happening before, the result will occur regardless",進行状況のいかんによらず中間報告を提出してください。,진행상황에 관계없이 중간보고서를 제출해 주시기 바랍니다.,"Regardless of the progress, an interim report should be submitted.","Por favor, presente un informe provisional independientemente del progreso.",effortless
katagata,N + katagata,at the same time・incidentally,express simultaneous actions,ごぶさたのおわびかたがた近況報告に先生をお訪ねした。,고부사타의 사죄의 말씀으로 선생님을 찾아뵙고 근황을 보고드렸다.,I visited him to apologize for my absence and to report on his recent activities.,He visitado al profesor para disculparme por mi ausencia y ponerle al día.,effortless
ni soui nai,Vplain・I-Adj-plain・N・N+dearu・Na-Adj・Na-Adj+dearu + ni soui nai,no doubt that,express conviction about conjecture with high degree of confidence・more formal than nichigainai,製品の検査がそうとう厳しいに相違ない。,제품 검사가 상당히 까다로울 수밖에 없다.,The product inspection must be very strict.,Las inspecciones de los productos deben ser muy estrictas.,effortless
