W1,W2,W3,W4,W5,W6,W7,W8
成功,斜面,独特,取り替える,好き好き,化粧,感じ,調節
調理,最も,機会,原始,夫れ夫れ,苦情,信者,前置き
公平,助ける,彼奴,引っ込む,機能,満点,助け,回答
友情,得点,活気,和らげる,現れる,要するに,受け継ぐ,万能
得意,決まる,進める,初恋,街頭,案件,悪化,小声
市,政策,設定,内容,学部,性能,強制,関連
付く,治す,経営,指導,払い込む,評論,破産,存続
能力,関税,蛍光灯,連続,岩石,神様,裏返し,本部
算数,納得,民族,棄権,爆笑,担当,埠頭,組合
最後,彼方,表面,顔見知り,対照,無数,変遷,要点
最初,固定,可能,伝える,寸法,任務,長所,引退
絶対,頭脳,受験,引き返す,葉虫,初めに,無条件,加工
助詞,初級,変更,引き受ける,報じる,寿命,表す,中性
運命,表情,整備,歳,太陽系,実は,選出,治癒
美容,利口,順番,発声,相変わらず,取り消す,歳時記,光年
全然,権限,見合いする,彼氏,統治,引き出す,可笑しな,酸化
信仰,統制,返る,生け花,場所,全て,合流,再選
太鼓,変化,治る,選考,真面目,見込み,所在,阪神
装置,複数,夫人,落ち着く,主権,損得,点数,取り入れる
間違い,神経,適当,信じる,定まる,退治,市長,抗議
精神,件,処置,相変わらず,助教授,活躍,記入,外相
根源,結論,最高,間に合う,順調,強調,取り出す,作成
人民,歳月,電流,戦闘,完成,葉酸,加入,機関
用件,内部,音声,感じる,神様,指定,行政機関,現代
議論,解除,国際,皇太子,今回,対処,獲得,補助
歓声,付き合い,論争,進展,多数決,際立つ,機嫌,家政婦
弁当,裏返す,相当,組み立てる,連ねる,受け入れる,真相,制する
合わす,本当,直感,様子,長期,流す,正面,情勢
接続,緩和,期間,体制,手伝い,付け加える,決定,勘定
交流,近所,在学,大好き,論じる,解説,神殿,際限
顔,時刻表,農産物,伝記,向上,返答,和解,税務署
政党,活動,手伝う,有能,内線,伝わる,設置,短期
際,説教,温和,殺し,資産,機能,権,民宿
宝石,殺す,報告,主要,要点,不平,部品,指示
感染,案内,応対,引っ越す,加える,報復,落ち込む,弱点
財産,進学,お歳暮,対立,全国,好意,引っ張る,すれ違う
進化,関連,国内,次第に,続き,民間,関連,美学
好み,格好,殺菌,愛情,変化,事務所,利回り,歳末
到頭,土産,同様,平日,代表,法案,丸太,市内
暗殺,お洒落,説明書,決断,総選挙,笑い声,地点,当たり前
表,組む,太平洋,実現,組み合わせ,顔合わせ,次のように,落ち着き
事務所,美術,現象,命,説法,冒頭,続々,平気
戦く,信用,公務,相互,見解,依然,指摘,付加
活用,移民,思い込む,全体,中和,決心,業務,停留所
所,記事,名所,性格,健在,褒美,全く,宙返り
番号,追加,需要,化石,戦術,名声,連中,公表
受け取る,向き,付近,得る,付き合う,意向,流石,主夫
親指,夫婦,通信,勤務,経つ,次期,付与,対等
相手,戦ぐ,暗記,真っ直ぐ,直す,放置,組み込む,利かせる
機関車,次ぐ,先頭,天然,墜落,確信,間際,風太郎
伝記,予備,傾向,全部,命じる,解く,酸性,射殺
説く,性別,加速,定める,場合,日光,決定,本件
調和,選択,理性,不在,海流,表現,実現,取り組む
彼ら,才能,間違う,救助,初詣,作戦,成人,感心
神経,溶け込む,財政,光沢,様,政治犯,農夫,全身
可笑しい,取れる,組,美味しい,引き出し,表面,伝染,最早
回路,調停,調べる,経由,相当,議論,平ら,享受
面会,見合わせる,初版,国際法,件数,制限,原則,手法
仕様,対策,戦争,場面,措置,殺し屋,人命,頭巾
設備,人差し指,援助,口頭,指す,自在,期限,解散
男性,索引,回る,役所,実際,留守番,内科,大理石
観光する,銃声,進化,政権,要素,直る,好評,一流
向かう,経度,好き嫌い,当時,忙殺,転落,真顔,信念
組織,受話器,外部,連合,衆議院,定期,最善,言葉
強化,顔色,市場,倒産,声楽,備わる,落ち葉,伝達
延期,消化,直感,法則,行政,変革,合意,決まり
然し,突然,美しい,勘違い,記号,特権,ご苦労様,打ち込む
議長,番組,語源,番,性質,構成,叫び声,進入
決める,相談,関心,葉桜,制作,その内,純情,回数
葉っぱ,現状,全然,配置,職務,利潤,解ける,演説
憲法,様々,利害,最終,水平,進出,対応,当初
落第,要求,当選,回復,原稿,最中,守備,論議
在庫,実践,連続,住民,光景,直径,動向,報告書
報道,議会,抑制,警備,誰彼,機関,用心,直ちに
解放,国際連合,続く,微笑,変動,定食,公然,一変
重要,物置,地平線,発表,利息,歳出,討論,活字
予定,全員,薬指,欠点,装備,筆記,番地,整然
治療,違い,次いで,付属,相違,加熱,月光,経費
次々,流通,同情,予報,動機,具合,彼や是や,挑戦
工夫,扇風機,実験,条件付き,感謝,太陽電池,法廷,和牛
規制,伝説,一生懸命,説得力,信ずる,和やか,経歴,所得
現金,続ける,神話,向い,何歳,相違,実力,彼岸花
一部,平均,取引,治める,取り上げる,助かる,大戦,記者
税関,方法,作法,利点,次回,起源,殺害,内部
万歳,直角,完全,勿論,事情,連れる,初期,一連
加減,笑顔,誤解,参議院,返済,方面,治まる,横顔
連邦,石炭,議員,危機,受け持つ,感動,不思議,命ずる
内閣,葉巻,政権,夫妻,都市計画,神聖,賛美,次善
変える,滞在,多数決,関する,生き生き,手続き,回り,産物
飛び込む,共感,微笑む,化石,数,回す,調整,所有権
実行,原子,葉書大,流域,断然,仕組み,食い違う,番目
利子,革命,表現,神秘,顔面,性能,直感,談笑
点,根回し,判決,見本市,農民,石,進撃,面白い
受け取る,光線,取れる,数える,当番,市街地,説話,好ましい
記憶,市街,磁石,成績,国際的,老夫婦,能率,実用
引き分け,報酬,成長,予期,関わる,彼自身,葉群,原文
垂直,賛成,零点,解釈,最低,部長,見当,軍備
繰り返す,太る,落ち込む,加わる,進路,お土産,活力,内在
選手,事務,顔負け,調子,優美,選手権,庶民,仕様がない
権威,時期,労働条件,現像,心得る,違反,報道機関,志向
就任,予想,誰しも,信念,障害,支える,労働争議,反映
迫害,生存,関係者,必修,勧告,違反,発想,形勢
済む,失せる,良質,技師,背く,追い出す,打ち合わせ,首都圏
値段,その他,展示,追放,主任,首飾り,警報,子供用
投資,不自由,守備,追跡,交換,長老,学識,失格
地位,任命,打ち込む,客間,両手,覚める,別居,悲観
反応,反乱,御座います,下位,王室,居酒屋,愛憎,誰にでも
都合,放す,手術,育ち,他国,済ます,失格,勝者
官僚,共同,審判,頼み,信号機,顧客,北側,必携
婚約,効果,正式,共通,観点,座,投じる,代打
視覚,株式,都心,思想,不良,薬剤師,供える,資源
消える,提供,反発,依存,縦横,警察官,電話番号,日常生活
呼び出す,回路,失恋,交渉,許容,過剰,外観,王位
漁船,残り,重役,由来,段階,観衆,到達,達者
掲示,長方形,御弁当,進路,講師,必然的,残飯,御茶
牧師,深まる,呼び止める,済まない,船首,共稼ぎ,消耗,一息
過ぎる,職,決断,深み,横断,感想,展示会,紛失
役人,老ける,申告,裁判,抗争,表示,両国,効果的
投げる,首,満点,収容,過程,競争力,高速道路,深呼吸
王,約束,国王,係長,自由化,士官,王妃,見守る
観念,晩御飯,経由,観察,形式,非常に,蹴飛ばす,満場
職員,星座,予言,提示,共働き,果たす,京都,会計係
共感,打開,共に,役者,果て,油断,師弟,自由に
頼る,診断,消防署,任す,優先,御飯,役職,中断
容器,仲良し,融資,勝敗,可哀想,裏側,党首,結婚式
共に,呼応,居住,葬式,士官,意気込む,的確,老齢
老衰,戦術,暗号,難局,避難,明確,非常口,良し悪し
玄米,愛する,首脳,呼び出し,勝る,誰も,座禅,公共料金
息,必死,開放,投手,残高,裁判官,判明,残業
守る,鳥居,上位,誰何,旅客機,予測,御腹,消しゴム
恋愛,勝ち,必需品,収容,当局,異状,子息,担任
形容詞,留守番,残らず,背後,達成,技術者,即位,愛称
交通,満ちる,勝負,飛ばす,約,規約,差し支え,州都
残す,通過,他動詞,形態,乗り換える,乗り込む,誰でも,理容師
御存知,無関係,過ごす,可愛らしい,打率,国際関係,優美,報告書
背,格,合格,残酷,役に立つ,資本金,役職,示唆
追加,位,上達,争い,発育,投稿,果樹園,符号
乗り換え,役目,老いる,学術,追放,主役,辞任,批判的
常に,看護師,予約,良識,経路,損失,乗っ取る,役立つ
飛ぶ,誰彼,紛争,人参,美術,飛行船,勝手,居る
線路,正確,日常,他社,家来,被告,守り,予防
予約,観測,存じる,馬力,言い渡す,鞍馬,自由市場,放射能
論争,号,形,害,新米,残金,反抗,確信
技術,告白,任務,支店,投機,愛想,共同体,深呼吸
手首,王子,果たして,判断,首都圏,打ち切り,断然,既存
確り,非常,十字路,資金,若し,突入,船便,教職
誰にも,休息,確かめる,乗車,御菓子,優勢,経済学,海王星
警告,発達,供物,王女,放棄,他に,方式,競合他社
良心,争う,直感,通り過ぎる,返済,放出,良好,錬金術
旅客,消化,深める,良識,構える,都市計画,制約,迷路
優しい,批判,就職,速達,利息,参拝,人工呼吸,上座
他,資産,愛情,布告,取り消す,歓呼,乗馬,過ち
常識,示,教師,御手洗い,可愛がる,知識人,礼状,倹約
断定,都会,ため息,即座に,格好,様式,背番号,闘争
人間関係,突く,標識,都,呼び名,自由自在,資本主義,目覚まし
警部,育つ,警備,病状,子守唄,依存症,原告,識別
放射,予想,例外,横領,増進,造船,興味深い,警報器
記号,有難い,交流,失敗,学位,供する,魔術,支持
状態,手段,両立,性格,正常,保守的,満たす,両腕
参考,乗客,白状,通常,掲示板,背番号,必要条件,客観的
必ずしも,両側,気配,非難,銀座,委任,覚ます,船長
座布団,聴覚,馬車,自首,天気予報,消極的,予期,出馬
局,馬鹿らしい,差異,海老,未満,王手,追い込む,状況報告
人格,関与,増大,供与,馬術,決勝,過半数,東側
配達,外交,災難,成果,参加者,海路,他者,飛躍
打ち切る,飛び出す,機構,条約,認定,改良,形成,優等生
失う,演技,横転,消息,疑念,円満,存分,投げ込む
収益,不渡り,錯覚,裁判官,無意識,両者,体格,乗車券
深刻,記念,背景,消防,覚悟,一位,放置,経済的
競馬,横断歩道,労働組合,称号,予防接種,格別,老後,追及
不満,構造,念,味覚,反射,用心深い,来客,猫背
空想,人差し指,追い越す,各種,立ち寄る,形式,関係ない,愛想
公式,苦痛,演じる,右側,支給,職務,申し出る,高官
保存,済みません,左側,退職,老化,背泳ぎ,容易い,参列
理由,収める,客席,警戒,首輪,伝達,福利,突進
評判,申し上げる,種々,飛行船,俺等達,若者,配布,事務局
勝つ,俺様,俺んち,予習,誰もかも,好景気,物真似,遭難
支配,投入,収集,居眠り,存続,働かせる,理科,妨害
両替,結局,商売,守衛,年賀状,訪問者,段落,依頼者
皇居,器官,手渡す,反響,分配,腹立ち,激突,収量
突然,外側,抜かす,突破,確実,増強,地球上,格段
盗難,乗客,飛行,満点,辞職,負担,望ましい,交通機関
果実,持参,支出,日米,供述,稲妻,誤認,渡米
側,背負う,米国,段,判事,呼び戻す,検察,容量
主婦,認識,苦しい,両,警察署,横目,雑,生育
会談,被害,参謀,確認,収支,寝言,俺,雑種
概念,寄せる,寄越す,値打ち,失望,申し入れる,面談,記念碑
降り出す,種,済ませる,優れる,物資,寄与,同等,横行
申請,例え,優秀,近寄る,地形,途絶える,単一,急増
悪夢,配る,容積,警察署,水深,交際,危険性,俺たち
商業,依頼,普段,割引,係官,浮き浮き,再婚,綱渡り
増す,商社,乗せる,負う,内側,家庭教師,遠ざかる,配慮
危機,風景,投げ出す,絶望,家庭内,対等,労働条件,若しかすると
訪れる,支度,申し出,申し込み,北半球,構内,恐喝,待ち構える
引っ越し,症状,想像,手配,在宅,頼り,交代,否認
草花,追いかける,長官,増し,引き戻す,熱,岡目,取り寄せる
なる程,米,損害,認可,熱する,商談,与野党,商談
熱心,共働き,局長,既婚,要望,娼婦,浮浪者,交差
景気,美容,突っ込む,朝寝坊,飛び込む,寛容,専制君主,ご苦労様
恐ろしい,認める,寄与,許し,似合い,譲り渡す,一種,付与
演奏,警告,汽船,引き渡す,申告,単独,値上げ,追伸
浮かぶ,若干,若しくは,君たち,絶える,利害,妊婦,演ずる
お酒,女優,頼もしい,速球,押し入る,容認,横暴,事例
比例,船舶,育児,差し上げる,例える,日差し,免許証,働きかける
登る,増やす,過程,商店,遊び相手,雑貨,限り,景品
住宅,寝台,認証,飲酒,抜群,求職,信頼性,切り抜き
若々しい,雑談,背景,人文科学,探求,有望,断念,方程式
差す,油絵,限界,実例,余談,苦心,後押し,一辺倒
求める,引退,遊ばす,看護婦,恐慌,岡焼き,商用,寝具
幸運,訪れ,運転免許,拒絶,商法,俺氏,墓参り,社宅
育てる,危害,追求,授与,科目,飼育,住宅街,遠回り
割合,押し込む,邸宅,構想,危惧,打倒,先例,拒絶反応
構成,気球,値打ち,庭木,演出,商店街,腰痛,お負け
深刻,上等,絶望,苦しむ,長岡京,考察,家庭科,福音
等しい,冷房,遠く,単なる,暴君,不似合い,負かす,球場
痛い,規範,押し寄せる,園遊会,雑談,局面,買い戻す,禁酒
福,制限,浮気,不景気,降雪,一段,育成,裏庭
中途,滅亡,加熱,期限,浮かれる,一刻,演壇,婦人科
望遠鏡,分類,裏腹,余地,苦情,週末,圧倒的,余りに
許可,求人,社会福祉,宅配便,同居,限定,就寝,訪問販売
百科事典,愛妻,卓球,抜き,必須,抜本的,請求書,貴君
遊ぶ,程度,危ぶむ,欲求,遠方,前例,降水量,査察
承認,現行犯,類似,演奏会,腹心,降格,割り勘,待ち望む
負け,値する,静岡県,遠足,酒類,婚約者,米価,晩婚
観察,苦痛,中庭,後戻り,労働者,収まる,物差し,単価
妻子,腰掛ける,新婚,若しかして,突如,押し,若手,押し付ける
種類,登場,君子,労働力,許諾,恐れ入る,酒造,腹一杯
限る,単に,背負う,似通う,老夫婦,危篤,破局,危急
押さえる,遠慮,良妻,怪談,単調,痛切,収賄,特許権
抜け出す,ご苦労様,恐縮,来訪,課程,配置,遊泳,類似点
人類,海抜,面倒くさい,中腹,寝室,冥福,警察官,割り
望む,許容,寝かせる,押収,価値観,富士山,過渡期,最大限
苦手,雑音,察する,危うく,余暇,学科,音程,戻ってくる
混雑,君臨,飲酒運転,日程,夜景,中南米,腹部,外科
寄る,逃す,単純,圧倒,負傷,半球,寄贈,求婚
自動,散らかる,家政婦,雑巾,結婚式,特許,奇抜,談話
払い戻す,倒す,余所,福岡,割り当て,自宅,断絶,遊覧船
面倒,余計,対談,俺っち,戸別訪問,演芸,景観,雑草
校庭,曲げる,社会科学,財務,転倒,難,危害,恐るべき
婚約,未婚,大雑把,耳より,至福,水割り,夢想家,値上がり
配達,恐らく,払い戻し,物忘れ,限度,余程,目茶苦茶,降雨
俺ら,真似る,訪日,舞う,悪妻,夢精,情熱,妻帯
野球,夕暮れ,割る,岡山県,差,待ち遠しい,日増しに,岡惚
末っ子,熱中,降伏,敗北,投与,酒屋,人妻,熱意
岡目八目,山腹,失望,粉末,警察官,姫君,余談,浮かす
絶版,破片,支給,書留,協奏曲,供与,無難,優等生
与える,未定,逃亡,犯罪者,等分,火遊び,再訪,夢現
単語,処分,腰掛け,高等学校,途切れる,種子,構築,鎮痛剤
真似,引っ越す,具合,値,排除,余程,絵筆,富士山頂
値引き,精密,牧草,痛む,家財,記念日,大敗,即刻
余分,居酒屋,野暮,浮上,連敗,偏差値,破損,端末
諸君,視察,薬品,完全雇用,非常に,登頂,捕らわれる,幸先
富豪,宅,内緒話,冷やす,早速,太陽光,暮らし向き,仕草
見渡す,薬指,雪国,積もる,耳障り,庭園,果樹園,越幾斯
空腹,大喜び,出迎え,貧富,端緒,退治,迅速,山登り
横切る,夢物語,富裕,前払い,積む,払い戻し,財政難,爬虫類
寝坊,取り戻す,謝罪,未熟,精神科,冷める,処する,中途半端
出席,祝福,捕まる,洗礼,冷凍,完売,控除,編曲
逃れる,庭園,忘れ去る,掛け算,貧困者,昨晩,振る舞い,耳垢
怒鳴る,遊び場,先頭,昨秋,折り合い,非常口,未だ,完走
孫娘,非難,精通,月給,処刑,欲する,侵犯,未遂
一昨日,浮く,絵本,捕らえる,お歳暮,罪悪,ぬか喜び,大規模
疑惑,富む,責任者,散る,欲しがる,精度,容疑,精液
破産,時刻,過労,刻む,夢見る,雨宿り,完敗,抱きつく
急速,自然科学,陽光,疑い,念願,暗号,耳鳴り,労働争議
暮らす,疑念,寄越す,不規則,挿絵,由緒,海の幸,出処進退
完了,中耳炎,礼拝,送迎,末期,容積,貧困線,太陽熱
農薬,嫁,敗戦,亡命,幸せ者,お見舞い,妹娘,亡者
無罪,絶えず,削除,着席,辞退,仕掛ける,蒸留,散乱
欲張り,雑草,抱負,不幸せ,謝礼,最前列,出願,引っ掛ける
是非とも,勝負,振る舞う,性欲,犯行,歌留多,礼状,退く
浪費,望み,退職,怒気,怒りっぽい,保険金,積み木,学費
内耳,以降,志願,海草,登録,規模,降雪,非合法
探る,探偵,娘さん,一人娘,忘恩,失礼,緒戦,歓喜
太陽電池,福岡県,財団,日暮れ,合宿,狂喜,精製,花売り娘
規制,割れる,始末,険しい,重責,小雪,参列,逃げ切る
犯す,太陽系,安静,恐竜,優越,速達,酔っ払う,水彩絵具
一緒に,用途,探索,責任感,猫娘,悲願,労働力,破く
宿泊,不幸,耳元,免除,探求,火薬,非公式,冷やかす
遊園地,経費,処置,通い妻,疑わしい,暮れ,欲求,朝令暮改
退学,完璧,前途,見晴らす,亡霊,草臥れる,満席,探し物
精巧,抱きしめる,時折,起因,留守番,耳打ち,紫陽花,主犯
戯曲,期末,見晴らし,手探り,植物園,処方,草履,薬物
絵,園芸,親類,防犯,突破,未亡人,薬剤師,造園
鳴る,内緒,非行,陽性,気晴らし,破棄,一因,嫌疑
暗殺,小娘,暗算,非,悲しみ,優越感,抱き合う,一緒にする
静まる,鳴らす,出費,真っ暗,未練,発散,忘失,危険性
切っ掛け,請願,爆破,衣類,痛める,探し回る,昨週,文化財
見積もり,有罪,困り果てる,費やす,昨年度,労働組合,刻々,暗証番号
家具,出港,客席,民宿,絵の具,敗退,前奏曲,積み込む
解散,激怒,宿命,折り紙,鳴き声,抱え込む,鳥類,静養
喜び,留める,整列,田園,経験豊富,怒り狂う,逃避行,工具
財政,因子,悲惨,加熱,払い,絵葉書,夜具,議席
願書,積もり,幼稚園,悲観,歌舞伎,途絶える,亡骸,高速道路
仕舞う,宿,政治犯,破裂,定刻,雷鳴,規約,舞踏
苦労,悲鳴,高等,労力,除雪,人類学,給仕,野宿
冷える,大雪,死因,静脈,喜怒哀楽,戦犯,折衝,高鳴る
保険,暗示,意欲,緒,逃げ出す,平静,暗礁,貪欲
逃亡,欲望,寄港,逃走,出席者,消費者,帰途,お願いします
未婚,困惑,未知,妖精,迎撃,未開,探検隊,罪悪感
対処,除く,完全試合,交響曲,不完全,財界,耳鳴り,昨年来
辛抱,陳列,痛感,処方箋,太陽光発電,弟娘,世紀末,怒鳴り込む
列,無責任,疑問符,加速,費,見逃す,超越,保留
雪崩,静止,死亡率,介抱,規定,容疑者,動静,礼服
礼儀,払い込む,時速,願望,散らす,作曲家,登記,列挙
忘年会,晴天,真剣,雪だるま,麻薬,多幸,仕掛け,雪辱
快晴,見舞う,夢想,夢にも,因縁,捕獲,険悪,追い払う
供給,折角,怒鳴る,喜ばしい,罪人,配給,冷淡,給う
敗ける,探検,喜怒哀楽,年功序列,辛抱強い,雨具,消費税,敗訴
折れる,財,留まる,追い越す,掛け,空席,罪状,捕出
困難,給料,喜ばす,器具,火災保険,慈悲,職責,備忘
徐々,高速,遅刻,困窮,薄暗い,面忘れ,脱退,晴らす
責務,無礼,積極的,油絵の具,類似,晴れ着,宿屋,因果
捕鯨,出迎える,散らかす,入港,港内,除外,国富,折り返す
迎え,欠席,未払い,薬缶,列島,挫折,迎賓館,歓迎会
要因,勝敗,規律,途上,草地,開港,散らし,悲哀
留守,昨年,冷静,霜降り,補給,疲労困憊,悲願,帰港
港湾,忘却,曲,悲鳴,勤労,因って,晴れ間,説明責任
悲劇,文房具,幸い,後退,捕る,免責,母港,取り除く
払い戻す,捕まえる,昨今,登校,静けさ,迎合,怒らす,困り者
備え付ける,選択肢,組閣,部数,市内,国民的,割合,試合
和室,市民権,没落,情緒,潜在,伝統的,部員,幹部
経過,好調,記す,伝導,定価,に関して,彼式,東彼岸
成立,頭上,遺伝子,様相,経緯,助け舟,市内,内側
内訳,違和感,通信販売,面倒くさい,彼式,付加,口実,実質
不当,記述,回収,洒落る,付け足す,成果,妥当,突き当たり
没頭,当日,協調,決議,太陰月,覆面,停戦,内戦
水平線,必要条件,受かる,記名,落書き,便利,多様性,生産性
異論,お返し,出頭,平方,上回る,定番,対談,対比
検索条件,社説,全治,助け合う,置き換える,陽光,関知,に関して
書き取り,言葉遣い,合格する,連日,商法,引き止める,定価,定休日
焦点,感想,経済的,無論,合言葉,可能性,内政,内政
情熱,期日,決勝,達成,終点,平衡,取り扱い,取り戻す
背番号,様相,凶歳,実例,世論,精神障害,所属,所得
関節,流暢,議案,頭文字,仮説,取得,現行,出現
交通機関,電光,流石,対決,生まれる,内側,最良,最悪
込める,電話番号,付け,受け付ける,公民権,定休日,合理化,一酸化炭素
信条,声援,宿命,受信,加盟,落とし穴,避難民,国民的
直接,原作,表示,枠組み,習得,報いる,相槌,相応
次号,参加者,美容師,初心,進退,義太夫,商法,魔法瓶
要領,平凡,不変,朗報,次代,見返り,全滅,全面的
指揮,漁夫,論理,方法論,内政,市場調査,人情,情け
良好,進軍,選別,加担,上向き,東彼岸,上向き,対向
拘置所,集合する,殺到,選定,同然,文化遺産,予備知識,防音設備
記念,経路,国産,顔を出す,意気込む,実質,敏感,痛感
割引,選手権,要する,融和,飽和,優先権,平野,平衡
実感,機構,神学,引っかかる,関知,選る,成り立つ,成果
債務,和食,政界,洗濯機,実際的,魔法瓶,経緯,無神経
進水,伝染病,採点,引き続き,記念日,相応,返信,信頼性
布石,殺意,利用者,時流,多様性,信頼性,面目,覆面
紅葉,少数,繰り返し,光学,表裏,連盟,連れて行く,連盟
化ける,決意,兼ね備える,産休,骨組み,和らぐ,原書,原子力
現場,付け根,顔文字,にも関わらず,避難民,指紋,顔を潰す,素顔
心得,信号機,引き受ける,付着,流行,お陰様で,掃除機,自動販売機
いい加減,部門,利害関係,変換,利上げ,議決,次代,次女
水夫,余所,適性,太陽熱,市立,笑い出す,手数料,定数
原爆,歳代,自助,命中,特別歳入,自動販売機,美容院,ご褒美
制定,利害関係,有様,美貌,潜水夫,評論家,光栄,陽光
虐殺,日向,率直,好奇心,助力,台頭,上回る,遠回り
女神,推定,加算,声高,多様性,遠回り,表裏,表する
生かす,活発,日光浴,やむを得ない,返信,素顔,笑い声,第一声
市役所,初代,対話,所々,苦笑い,変身,日報,報いる
特定,続行,転向,弁解,直後,第一声,要因,要望
発光,連れ去る,指差す,債権,最良,力説,変わった,変身
政治的,石垣,老化,在籍,小指,好転,神経質,精神障害
向け,一面,前彼,館内,手数料,生産性,記念日,書記
討議,精神科,最新,全快,制御,倒置,飽和,和らぐ
鳴き声,不動産,取っ手,引き取る,救命,表する,引き返す,引き止める
受け止める,然も,解説,番手,了解,幹部,治療法,荒療治
警報,作り笑い,復活,進呈,妥当,千歳鳥,対決,議決
付き添い,不備,相応しい,指図,要因,潮流,太陰月,太りすぎ
全集,次元,歌声,利かす,生産性,生む,意気込む,乗り込む
休戦,誤魔化す,番犬,議題,頭取,所得,郵便受け,受賞
定期券,製法,奇数,偶数,敏感,在職,了解,正解
合図する,強引,胆石,一件,治療法,次女,市立,市場調査
接続詞,好調,押し込む,拘置,平野,対比,同期,乾季
入選,制裁,指定,思春期,面目,見直す,多様性,お陰様で
違法,弁論,得る,小石,顔を潰す,荒療治,生まれる,生む
調和,分解,平たい,再現,予備知識,突き当たり,頭取,台頭
連れて行く,使命,行き成り,当歳,同期,進捗,骨組み,縁組
箇所,要旨,初舞台,原形,気違い,要望,小指,指紋
技能,主治医,制約,備品,合理化,数件,仮説,力説
利率,回数券,当番,政界,協議,後続,不可能,可能性
瀬戸際,表明,場違い,生ける,人情,木の葉,合言葉,木の葉
部下,変わる,天然痘,待合室,原書,亡命,流行,潮流
太鼓判,乗組員,末期,相乗り,不正事件,定石,同然,必然的
新顔,彼岸桜,民謡,市販,所属,必然的,初雪,日本初
直面,美意識,市外,定期券,成り立つ,内政,潜在,在職
相場,個性,契機,治安,割合,絞殺,調達,調味料
回数券,受身,短所,後回し,専務,対向,苦笑い,笑い出す
然して,実在,実情,当然,伝言,互い違い,協議,決議
遺伝,様式,窓際,人殺し,不可能,情け,直後,見直す
労働組合,置き去り,丸太小屋,見違える,全滅,防音設備,潜水夫,義太夫
在宅,太陽光,感激,経営者,口実,付いてくる,抽選,選る
彼なり,公民権,留置場,市民権,対決,日本初,公民権,優先権
実感,追い込む,原油,彼我,返信,太りすぎ,利上げ,便利
任命,見落とす,連休,生化学,隕石,内戦,制御,税制
家政婦,最寄り,次点,学説,相槌,調味料,継続的,後続
変数,助演,国務,一向に,取り扱い,痛感,隕石,定石
図表,金融機関,通報,戦後,停戦,取り戻す,進退,進捗
最上,点数,用法,夫婦生活,掃除機,ご褒美,伝言,伝統的
歳費,異議,悪条件,財務,調達,際どい,加盟,付加
人権,報道陣,好況,重点,継続的,決議,助力,助け舟
出産,放射能,進行,ひっくり返る,現行,乾季,終点,点く
落下,洗顔,側面,感性,抽選,受賞,生産性,文化遺産
手助け,敗戦,若夫婦,反体制,対談,縁組,専務,常務
対抗,国際化,実物,精神,神経質,正解,不正事件,数件
多様,成分,伝説,芸能人,殺人事件,書記,救命,亡命
回数,内乱,全盛,素直,笑い声,定数,暗証番号,定番
解答,直に,部分,次席,郵便受け,無神経,落書き,落とし穴
小説,家政婦,戦力,手際よく,引き返す,出現,付け足す,付いてくる
難民,表す,笑い事,要請,変わった,一酸化炭素,習得,取得
美女,心情,無能,感ずる,日報,税制,好機,好転
知性,退治,現地,最大限,暗証番号,全面的,気違い,互い違い
可決,事務員,勤続,枯葉,美容院,最悪,殺人事件,絞殺
法学,健全,家内,組み込む,光栄,常務,置き換える,倒置
初対面,指令,違和感,当てはまる,好機,原子力,返信,見返り
振り返る,日取り,在住,冷笑的,連れて行く,点く,世論,評論家
流行る,実績,著作権,地表,初雪,試合,実際的,際どい
笑い話,意識的,落ち葉,調印,部員,乗り込む,特別歳入,千歳鳥
中座,幸福感,講座,反体制,脇役,精神状態,拒絶反応,正反対
告げる,異存,日本式,変形,自由経済,姑息,定形,形見
取り残す,法王,飛び下りる,首位,消毒,観戦,機首,元首
生息地,取締役会,投与,饗宴,非公式,老練,供給源,原油供給
失明,責任者,無残,厳格,係る,縁側,本格,風格
客室,若夫婦,現存,価値観,良さ,資金調達,世界観,観戦
水路,消費者,職場,誰にも増して,定形,乗り出す,誰それ,誰得
老夫婦,洞察,消息筋,大勝,参政権,居直る,準決勝,勝手気まま
思う存分,都民,資材,不必要,常識的,飛び越える,必需,必着
原形,達人,打者,打ち合わせる,世界観,失礼,打倒,打診
古都,例年,お客様,横断歩道,息抜き,過密,資本家,資金調達
居間,放牧,過ぎ,頼りない,愛好,後任,非常識,常食
紹介状,割り戻す,警察庁,旧式,満喫,郵便番号,方位,第一位
懲役,買い与える,因果,即座,理想的,話術,資金調達,練達
楽観,押し流す,宣告,路線図,審判員,事由,御前,御喋り
乳首,自由形,戦勝,遭難信号,任期,株式会社,息抜き,姑息
反する,心構え,自由席,責任感,打倒,役員,喪失,失礼
断言,雨降り,両端,満面,生き残る,非常識,果敢,果てしない
打つかる,入念,支配人,優位,意思表示,常食,呼びかける,呼び物
帝王切開,確立,王国,好都合,他派,王座,守勢,専守防衛
満塁,種目,消費税,野次馬,共存,運良く,満喫,充満
他意,予備,放る,果樹,釈放,放つ,係る,係数
困り果てる,特許庁,人生観,問題意識,価格競争,風格,自由経済,事由
赤信号,失策,展示品,役に立たない,芸術的,回想,断食,断絶
予報,自覚,騾馬,敷居,共済,排他,非公式,株式会社
指し示す,交互,目覚める,達し,資金調達,免職,老眼,老練
汚職,美容師,家庭教師,良き,方位,御喋り,良さ,運良く
善良,居合わせる,核戦争,由緒,不都合,競馬場,共済,共通語
調達,生息,赤の他人,妄想,投球,投手戦,生き残る,居残る
呼び戻す,横着,美意識,支援,馬小屋,誰得,消毒,解消
御金,時差,滑走路,王位,珍客,勝手気まま,任期,後任
過つ,参入,居心地,両岸,石段,練達,愛好,愛犬
根深い,初老,誰々,失脚,悠長,果てしない,不都合,大都市
格差,倒壊,進行状況,呼び声,喪失,正座,詐欺師,庭師
資本,盛岡,確約,退官,乗り遅れる,参観,上告,告知
方程式,乗用車,足首,判然,上告,大都市,意思表示,明示
必然,判子,必ずや,同種,追究,支配的,映像信号,郵便番号
圧勝,演説者,確定,予め,資本家,背伸び,審判員,判例
其れ共,酒気,反撃,容姿,向こう側,優位,脇役,役員
争議,公式訪問,お守り,深海,老眼,原油供給,居残る,居直る
無責任,立腹,愛読,男優,遺言状,愛犬,予て,予防接種
愛国,仲良く,太鼓判,生き残り,守勢,共通語,釈放,放つ
両面,割安,予感,愛人,有害,追っかけ,確約,不確実
競走馬,満開,最良,喘息,御前,経済状態,情け深い,疑い深い
経由地,誰が為に,速達便,参考書,王者,明示,共存,適者生存
面識,争点,暗証番号,苦難,呼びかける,元首,管理職,免職
首位,余念,骨格,観光客,必需,必着,王者,王座
恩師,訓示,呼ばわり,交える,供給源,第一位,他派,排他
消息,南側,常識的,相関関係,支社,婚約者,芸術的,話術
解約,公約,係争,追突,契約書,解消,路線,路上
誰であれ,商い,優雅,所存,情け深い,争えない,一座,正座
子供の頃,投下,御釣り,放送局,本格,疑い深い,経過,過密
常用,教育委員会,共用,過労,楯突く,不確実,契約書,婚約者
船出,遊歩道,深遠,米貨,機首,司令官,価格競争,争えない
厳守,値下げ,断つ,消防士,知覚,充満,知覚,幻覚
受付係,技術的,水位,船旅,背丈,打診,常識的,非常識
警備員,口座,形跡,常務,吹き飛ばす,断絶,警視,警鐘
覚え,選抜,失神,片側,教官,形見,支社,支配的
公判,婚礼,側近,背任,船酔い,追突,両輪,両院
芸術家,頼みごと,子役,投薬,両輪,適者生存,珍客,顧客満足
確保,君が代,美術展,損害賠償,断食,両院,船酔い,船頭
放射線,寄りかかる,新任,老女,予て,顧客満足,馬小屋,競馬場
収支,際限,都庁,確固,警視,告知,遺言状,精神状態
絶頂,教科,供花,予告,経済発展,正反対,向こう側,縁側
懸念,容疑者,乗務員,乗員,経過,居残る,吹き飛ばす,飛び越える
交差,終局,船乗り,収縮,管理職,船頭,悠長,優位
配分,馬券,老年,固守,路線,専守防衛,投球,投手戦
米作,簡易住宅,満席,資金繰り,確約,幻覚,乗り遅れる,乗り出す
訪問客,配給,倍増,競争相手,果敢,庭師,経済発展,経済状態
共済,煩雑,寝過ごす,現段階,準決勝,呼び物,追究,追っかけ
遠心力,家庭菜園,害虫,展示場,一座,警鐘,背丈,背伸び
商品券,差し支える,最寄り,転職,非常識,係数,理想的,回想
最小限,金融危機,名君,飛び切り,居残る,路上,教官,司令官
押し問答,求人広告,義務教育,猟師,無頼,判例,参政権,参観
負荷,無茶苦茶,難産,目覚ましい,難問,予防接種,楯突く,追突
察知,式典,俺んち,火災警報,映像信号,若夫婦,局所麻酔,局地的
局員,残虐,普段着,突き当たり,収束,逆戻り,難問,難局
許り,警視庁,容疑,放課後,拒絶反応,訪米,有害,殺害
乗組員,共有,差額,他面,詐欺師,科する,無頼,頼りになる
内科,答申,働き,御主人,誰それ,養育,収束,収入源
早寝,追求,住宅地区,要約,局所麻酔,根絶,石段,段違い
追伸,告発,絶対的,子育て,夢見,殺害,社交,交付
欲求不満,手形,余韻,共立,地酒,事実誤認,米市場,米粉
段取り,熱狂,瞑想,科学技術,余す,気を許す,容赦,美容師
理容師,黙認,間抜け,経済政策,恐れ気,診察券,教育的,養育
演習,飛び交う,追い風,危篤状態,登山者,腹ばい,火種,種族
単刀直入,子供扱い,収録,中絶,歩み寄る,余る,念願,念頭
虚構,愛着,演奏者,支配人,鱈腹,押しつぶす,横向き,横滑り
若葉,後妻,交わす,演技者,末日,局地的,増設,増発
福島県,主観,打球,似た者,完徹,演出家,俺等達,俺氏
依頼人,所得税,局部,浮腫む,値下がり,似顔,渡り,に渡って
日本庭園,若年,雪景色,余波,演歌,新婦,配当,宅配便
横たわる,客船,財産分与,家庭的,等価,程に,若返る,若夫婦
婦長,客船,若い頃,差し戻す,高熱,宅配,お構いなく,再構築
渡り鳥,無断,経済大国,割に,要求分析,福利厚生,歴史認識,事実誤認
国民投票,他ならない,一例,誤差,押し通す,差し出す,歩み寄る,寄り道
細君,景勝,来訪者,静岡茶,痛ましい,勝ち負け,商船,商う
押し寄せる,路地,内申,理念,縁談,宅配便,格差,差し出す
結婚相手,連勝,突き刺す,遠征,切望,米粉,苦難,苦境
水増し,収拾,顔負け,酒豪,浮遊,交付,与太,贈与
構想,常時,係官,働かす,異例,寝返り,申し訳,申告書
通例,増水,庭いじり,電子商取引,飛び越す,念頭,演歌,演出家
切り倒す,絶対必要,機種,歴訪,無制限,に渡って,異例,例文
車種,浮き出る,降参,確認書,重労働,贈与,重労働,働き口
満腹,談笑,横顔,恐る恐る,火種,寄り道,景気後退,景気循環
危険物,想像力,背信,脇腹,買い戻し,頼りになる,突き抜ける,抜粋
分割,行き渡る,横倒し,共同住宅,突き抜ける,危険防止,程なく,程に
生え抜き,絶好,敬遠,精神科,富山県,不正請求,なぎ倒す,打ち倒す
貸与,反感,配偶者,危なく,求婚,俺氏,寝床,寝返り
国務長官,難民,見苦しい,遊撃手,使途,抜粋,家宅,宅配
俺ら,志望,福祉事業,投球,疎遠,終値,疎遠,遠浅
唐突,呼び起こす,通商,待望,類推,見限る,絶大,根絶
再確認,深い関係,行程,無免許,四君子,段違い,抱負,勝ち負け
苦しめる,稼働,丹念,横になる,程なく,単身,大福,福利厚生
連れ戻す,資質,頼りがい,主君,曲芸,外遊,野球部,球根
美談,一段落,新薬,俺っち,商船,球根,地酒,日本酒
情景,贔屓,陰陽,禍福,若返る,雑貨店,家庭用品,庭球
西側,突く,到着時刻,申し分無い,土砂降り,首脳会談,婦女暴行,新婦
欲望,優先権,暗黒,押し黙る,探訪,難局,余す,余る
然程,逆効果,非凡,寝転ぶ,未然,苦境,探訪,訪米
口真似,品位,責め立てる,例外的,家宅,庭球,四君子,君主制
飛球,寝付く,展望,卒倒,抱負,野望,洞察力,診察券
申し立て,船首,時限,天与,危険地帯,増発,切望,野望
害する,単数,破り,夢幻,景気後退,婚姻届,求婚,婚姻届
飛球,格子,港湾局,新婚旅行,社交,横滑り,単行本,単身
優越感,車両,未払い,半値,婦女暴行,例文,押し通す,押しつぶす
差し支え,聖職者,医療保険,苦しみ,猿真似,日本酒,鱈腹,腹ばい
古参,障害者,言い忘れる,増額,割り引く,割り切る,危険地帯,危険防止
宅地,子守,山の幸,降水,渡り,遠浅,特許料,気を許す
余命,号車,危篤状態,熱烈,岡っ引き,働き口,猿真似,似顔
背筋,直球,許可証,察し,教育的,恐妻,割り引く,割り切る
体育館,背骨,歓談,請け負う,寝床,君主制,無制限,見限る
難い,超過,高値,構いません,増設,打ち倒す,買い戻し,逆戻り
酒飲み,案内状,一曲,等閑,容赦,種族,外科医,科する
収納,外米,冷戦,引き抜く,外科医,商う,要求分析,不正請求
働き盛り,工程,橋渡し,最低限,単行本,申告書,縁談,首脳会談
遊牧,遠近法,除いて,請求権,特許料,景気循環,浮遊,外遊
逃避,打付ける,積み荷,雑踏,道草,美容師,雑用,雑貨店
薄暮,奥深い,貨物列車,遠景,刻み込む,再構築,恐れ気,恐妻
補完,激似,初夢,染み渡る,雑用,収入源,値下がり,終値
岡場所,俺様,願い下げ,座談会,横向き,保育園,土砂降り,滑り降りる
熱湯,完済,酒量,若しかしたら,苦難,未熟児,元妻,恋妻
亡命者,御祝い,公認,寄港,家庭用品,風邪薬,岡っ引き,岡持ち
神経痛,恐れ多い,就労,単品,なぎ倒す,清々,高熱,過熱
草木,次官,静粛,射程,洞察力,欲目,浮かぶ瀬,浮き名
抱っこ,驚喜,旅費,妻壁,大福,絵巻,等価,一等車
撤退,婚礼,具体化,寡婦,親不孝,見破る,夢見,夢判断
富士通,屈折,生け捕り,違反者,格差,抱き合わせ,痛ましい,歯痛
差し掛かる,財力,乗り越す,死亡者,浮かぶ瀬,悲痛,富山県,大富豪
人工内耳,初舞台,悲報,食費,歴史認識,逃げ場,刻み込む,切り刻む
悲喜,痛風,遊具,曲目,米市場,耳を貸す,末日,不始末
先刻,完済,怒声,先払い,お構いなく,浮き名,親不孝,幸甚
正夢,質疑,完敗,抱き起こす,絶大,労する,道草,草稿
哺乳類,抱擁,退社,敗れる,与太,規格,飛び越す,見越す
浮き沈み,高給,押し出す,一昨晩,念願,草稿,登山者,登録者
犯罪者,退ける,歓天喜地,衰退,俺等達,過熱,類推,穀類
陽報,具体的,画像処理,処女作,野球部,雪娘,使途,途方
曲線,捕食,緒につく,刻苦,元妻,陽炎,曲芸,選曲
破滅,薄暮れ,探査,財政赤字,申し訳,切り刻む,牛耳る,耳を貸す
絵かき,亡き,迎い酒,未亡人,牛耳る,歯痛,完徹,完結
降参,草案,抱き枕,空耳,配当,途方,未然,未熟児
年末,因みに,留年,海港,折り合う,困じる,正規,規格
登場人物,敗者,疑る,同類,暗雲,従犯,精進,精肉
恐怖心,漁港,宿直,心緒,逃げ込む,鳴り出す,抱き癖,抱き合わせ
劣等感,長年の夢,夫婦仲,絵を描く,昨暁,に因って,労る,労する
冷酷,応急処置,米杉,忘れ霜,退役,対処法,未処理,対処法
粗探し,暗黙,浮世絵,送迎会,物欲,ど忘れ,山陽,陽炎
数値,同席,後始末,書き留める,月払い,散々,存亡,死亡例
善処,精彩,眼鏡っ娘,天晴れ,入園,夢判断,散髪,散々
燃費,未解決,登山道,怒号,探知機,着港,見せ掛け,掛け合う
働者,除雪,科学者,丹精,閑静,死亡例,退役,減退
幸福感,類い,草の根,暗に,禁煙席,用具,交通費,生活費
散会,逃げ道,新雪,痛手,仕舞った,駆除,非礼,非情
法規,願い出る,お仕舞い,豪雪,晴れて,鼻緒,喜捨,喜び事
新妻,打破,診察室,途中下車,責任を持つ,鼓舞,跡取り娘,雪娘
精力,組織犯罪,陣痛,嘆願,暮れ暮れ,疑獄,逃げ込む,逃げ場
愛娘,静寂,乱雑,行列式,悲壮,捕球,蒔絵,絵巻
未成年者,結末,腹痛,分散,除去,登録者,破綻,見破る
雑種,欲張る,先妻,取り掛かる,非礼,失敗者,冷ます,冷夏
卓越,緒言,誘拐犯,地鳴り,速やか,旦暮,暮れ暮れ,旦暮
開発途上国,富者,耳が遠い,非礼,売春宿,功罪,探知機,金属探知機
非常識,労働条件,禁欲,席上,山陽,滑り降りる,犯罪率,従犯
罪悪感,会費,早婚,規制緩和,緒締め,恋妻,薬学,風邪薬
敗因,木登り,陸宿借,明け暮れ,散髪,掛け合う,入園,保育園
緒作,冷却,浮き立つ,富貴,怒り出す,静的,疑似,疑獄
暗闇,怒涛,乗り降り,巻末,薬学,表面積,緒締め,鼻緒
宿る,耳鼻科,財源,寝具,喜捨,財務官,保険証,健康保険
掃除機,聞き忘れる,時給,冷凍食品,祈願,生活費,消費財,財務官
懇願,踏み絵,窃盗罪,破局,冤罪,願わくは,暗雲,暗唱
港市,初雪,因習,非生産的,取り留める,岡持ち,船積み,表面積
医薬品,羅列,鳴子,斜陽,港区,大富豪,閑静,静的
礼節,風速,返礼,愛欲,冷ます,不始末,具,用具
留め金,集積,酒類,超音速,捕虫網,見越す,禁煙席,喫煙席
迎え入れる,大逆罪,速さ,捕縛,礼儀作法,精肉,速やか,減速
健忘症,悲劇的,構成単位,園,大歓迎,折衷,仕舞った,鼓舞
配列,途上国,種類豊富,犯罪率,消費財,一等車,売春宿,宿り
速球,閑散,散布,完封,保険証,需給,鳴き頻る,鳴り出す
捕手,迎え撃つ,大掛かり,薄幸,置き忘れる,昨季,物欲,欲目
鳴り響く,晴れ上がる,持ち逃げ,労使,敗走,選曲,祈願,願わくは
財宝,困却,構文,悲愴,精進,雪景色,冤罪,功罪
絶対貧困,陽子,途端に,責任逃れ,通勤列車,暗唱,昨暁,昨季
小道具,掛け金,規則的,入手困難,蒔絵,遺留品,怒り出す,怒りん坊
悲観的,持ち越す,取り払う,投薬,因む,無礼講,取り留める,遺留品
敗因,均等,昨冬,素因,見せ掛け,穀類,礼儀作法,無礼講
主席,鳴門,学園,職探し,跡取り娘,咳払い,通勤列車,並列
怒らせる,非番,左折,夜逃げ,貧困地域,完結,雪道,雪景色
分割払い,探究,恐怖症,右折,雪道,減速,月払い,咳払い
楽園,目薬,晴れ渡る,登山家,鳴き頻る,宿り,給水,需給
舞踊,曲がり角,割高,被疑者,抱き癖,並列,敗走,失敗者
半信半疑,幸運児,政治亡命,山積み,疑似,減退,捕虫網,捕球
昇給,邪険,求婚者,給付,犯罪率,健康保険,置き忘れる,ど忘れ
雪解け,留置場,即席,静岡,労る,迎恩,晴れて,清々
累積,共同責任,困厄,暑中見舞,破綻,怒りん坊,因む,に因って
昨春,継娘,下等,除名,具,金属探知機,折り合う,折衷
無欲,農園,暮らし振り,飛び越える,給水,冷夏,大歓迎,迎恩
晴雨,支払い済み,熱源,危険物,船積み,幸甚,悲壮,悲痛
全責任,寄宿舎,戻って行く,宿泊料,正規,非情,港区,着港
折りたたみ,一昨昨日,精算,草分け,未処理,引責,責任を持つ,引責
静める,新規,未完成,随喜,交通費,喫煙席,除去,駆除
探検隊,定刻通り,真似事,総領娘,存亡,喜び事,貧困地域,困じる