Phrases,Translation
見ているだけだ。,I'm just looking.
じゃ、少しだけ。,"Okay, just a little bit."
願いは一つだけ。,I only have one wish.
眠たいだけだよ。,I just want to sleep.
すこしだけ痛いです。,It hurts just a little bit
結果だけが必要だ。,I just need a result
疲れただけだよ。,I'm just tired.
言ってみただけだよ。,I'm just saying.
それだけで結構です。,That's all I need.
好きなだけ取ってね。,Take as much as you want.
一回使っただけです。,I only used it once.
怪我だけはするなよ。,Just don't hurt yourself.
寝たかっただけだよ。,I just wanted to sleep.
１０分だけ付き合おう。,I'll give you ten minutes.
週末だけここにいます。,I'm only here for the weekend.
ご無沙汰。元気？,Long time no see. How are you?
ご無沙汰しました。,It's been a while.
ご無沙汰しています。,It's been a while.
２年間のご無沙汰でした。,It's been two years.
ご無沙汰をして、ごめんなさい。,I'm sorry it's been so long.
記録を破った。,I broke the record.
記録は誰も破れない。,No one can break the record.
現在までの状況を記録した。,I've documented the situation up to now.
水泳で記録を持っている。,I have a swimming record.
温度を毎日記録している。,I'm recording the temperature every day.
経済はマイナス成長を記録した。,The economy has recorded negative growth.
すべての買い物を記録する。,I keep track of all my purchases.
早く用意して。,"Come on, get ready."
用意はいいかい。,Are you ready?
用意はできた？,Are you ready?
万事用意しておけ。,Be ready for anything.
行く用意はいいか？,Are you ready to go?
ケーキは良いできた？,Is the cake ready?
出発の用意をした。,We're ready to go.
車は用意してあります。,The car is ready.
夕飯を用意しましょうか。,I'll fix you some dinner.
彼は７０歳でなお活躍している。,He's 70 years old and still active.
その考えは今日なお優勢である。,That idea still prevails today.
この車誰の？,Whose car is this?
相変わらずだね。,"Same old, same old."
相変わらずまだ寒い。,Still cold as ever.
相変わらず忙しいの？,You busy as ever?
相変わらず親切だ。,Kind as ever.
相変わらずやってるね。,You're still doing it.
相変わらず挑戦的ね。,Challenging as ever.
相変わらず美しい。,Beautiful as ever.
台本に目を通しておいてください。,Please read through the script.
お化粧は一切しなさい。,Don't wear any makeup.
肉類は一切食べないんだ。,I don't eat any meat.
この度初めて見たのです。,I've never seen this before.
エンジンが復活した。,The engines are back on.
流行を復活させる。,I'm bringing back the fashion.
翌日は家に戻ることになっていた。,We were supposed to go home the next day.
いつ船が出ることになっているの？,When is the ship supposed to leave?
そうなんですよね。,That's right.
これすごいことなんですよね。,"This is amazing, isn't it?"
台風は関東地方に上陸した。,The typhoon made landfall in the Kanto region
昨日ある島に上陸した。,It landed on one of the islands yesterday.
夢見てるみたいな気分だよ。,I feel like I'm dreaming.
飛行機で旅をしてみたいな。,I wish I could travel by plane.
これお茶みたいな味がする。,This tastes like tea.
多分遅れる。,Maybe we'll be late.
多分そうだよ。,Maybe we are.
たぶんおそすぎる。,Maybe we're too late.
たぶん本当だよ。,Maybe it's true.
たぶん正しい。,Maybe you're right.
たぶん大丈夫。,Maybe you're right.
言っただろ。,I told you.
冗談言うな。,Don't joke about it.
なにも言うな。,Don't say anything.
言わないで。,Don't say anything.
合言葉を言う。,I'll say the word.
一言言いたい。,I just want to say something.
上等じゃないか。,You're good.
笑わせるじゃないか。,You're making me laugh.
ずぶ濡れじゃないか。,You're soaking wet
さあ飲もうじゃないか。,"Come on, let's have a drink"
中休みしようじゃないか。,Let's take a break
今日って暇？,Are you free today?
幸福って何？,What is happiness?
猫って可愛い。,Cats are cute.
物理って得意？,Are you good at physics?
明日の夜とかどう？,How about tomorrow night?
何かペットとか飼ってたりするの？,Do you have any pets or anything?
１２時４５分とかどう？,How about 12:45?
めちゃめちゃ楽しかったよ。,That was so much fun.
めちゃめちゃ寒くなったね。,It's getting really cold.
彼だったらできるよ。,He could do it.
私だったら買うよ。,I'd buy one.
私だったら歩くよ。,I'd walk if I were you.
僕だったら断るな。,I'd say no.
俺だったら黙ってるな。,I'd keep my mouth shut.
すぐに学校に馴染んだ。,I fit right in at school.
初めは新居に馴染めなかった。,I didn't adjust to my new house at first.
砂糖を少し足してください。,"Add a little sugar, please."
6と4を足すと10になる。,Six and four add up to ten.
牛乳を少し加えなさい。,Add some milk.
スープに塩を加えよう。,Add some salt to the soup
必要な変更を加える。,Make any necessary changes
軽率に答えろな。,Don't answer rashly.
質問に答えなさい。,Answer the question.
英語で答えなさい。,Answer in English.
さあ早く答えないか。,"Come on, answer quickly."
間違って答えた。,I answered wrong.
駅に着いたよ。,I'm at the station.
やっと着いた。,Finally.
２時半に着いた。,I arrived at 2:30.
事故は避けられない。,An accident is inevitable.
その質問を避けた。,You avoided the question.
卵を焼いてくれ。,Would you like to fry some eggs?
パンを焼きますか。,Would you like to bake some bread?
陶器は火で焼かれた。,The pottery was burned in the fire.
冬の日は速く暮れる。,The winter sun sets fast.
予想通りの展開になりましたね。,That's what I expected.
彼は頭が良いがやはり嫌いだ。,"He's smart, but I still hate him."
空はますます暗くなった。,The sky is getting darker.
海はますます荒れてきた。,The sea is getting rougher.
ますます難しくなっている。,It's getting harder and harder.
むしるここにいたい。,"Mushy, I want to stay here."
バスよりむしる歩きたい。,I'd rather walk than take the bus.
むしるビールを注文したい。,I want to order a beer.
とうとう雨が降り出した。,At last it began to rain.
とうとう彼は目的を達成した。,At last he has achieved his goal.
やっと金曜日だ。,It's Friday at last
やっと順番が来た。,It's finally his turn.
ようやくすっかり終わった。,"Finally, he was all done."
汽車にようやく間に合った。,"Finally, he was on time for the train."
ようやく納得した。,I'm finally satisfied.
一応聞きますが何をするつもりですか?,"Just out of curiosity, what are you going to do?"
先方から一応返事はありました。,I got an answer from the other side.
なるべく安いほうがいいです。,I'd like to do it as cheaply as possible.
なるべくいろんなものを見に行こう。,Let's go see as many things as possible.
なるべくゆっくり話してもらえますか?,Can you talk as slowly as possible?
問題はこうです。,The problem is this.
いつもこうなの？,Is it always like this?
なぜこうなったのかしら。,Why is it always like this?
そう書くんじゃない。こう書け。,Don't write like that. Write it like this.
ついに金曜日だ。,It's Friday at last.
ついに現れた。,He finally showed up.
ついに降参した。,At last he surrendered.
ついに彼は屈服した。,At last he gave in.
夢がついに叶った。,At last his dream came true.
ついに彼女はやっと来た。,At last she came at last
ついに夏がやってきた。,At last summer is here
やっぱりお前が頼りだよ。,I knew I could count on you.
冬はやっぱり雪がないとね。,"In winter, we need snow."
和菓子にはやっぱり日本茶が合う。,Japanese sweets go well with Japanese tea.
やっぱり風呂上がりはビールに限るな。,Beer is the best drink after a bath.
殆ど泳げない。,I can barely swim.
ほとんど全部分かった。,I figured out almost everything.
確かに難問だね。,"You're right, it's a difficult question."
確かに彼は利口な少年だ。,"He's a clever boy, that's for sure."
確かに彼は信頼できます。,Surely he can be trusted.
彼の英語はまあまあだ。,His English is okay.
カレーはまあまあでした。,The curry was okay.
なかなか立派だ。,Quite impressive.
なかなか良かったよ。,It was pretty good.
車はなかなか動かない。,The car didn't start very well.
かなり寒い。,Quite cold.
かなり遠いから。,It's pretty far away.
かなり痛いのですか?,Does it hurt a lot?
これはかなり怖いね。,That's pretty scary.
ずいぶんと静かだな。,You're awfully quiet.
ずいぶん若く見えるよ。,You look a lot younger.
ずいぶんと珍しいですね。,That's very unusual.
たまに外食しようよ。,Let's eat out sometime.
たまには気楽にしていいよ。,You can take it easy once in a while.
たまには外出て運動しなよ。,You should go out and exercise once in a while.
彼はまるで専門家であるかのように話す。,He speaks as if he is an expert.
日本語をまるで日本人かのように話す。,He speaks Japanese as if he were Japanese.
何でも知っているかのように話す。,He talks as if he knows everything.
普通でいいですか?,Is that normal?
普通九時に寝る。,I usually go to bed at nine.
普通の食事よ。,It's a normal meal.
これは完全に普通だ。,This is perfectly normal.
それって普通のこと？,Does that sound normal to you?
普通らしいの女性です。,She's a normal woman.
彼を誉めずにはいられない。,I can't help but admire him.
そう思わずにはいられない。,I can't help but think that.
彼女を愛さずにはいられない。,I can't help but love her.
将来の事を考えずにはいられない。,I can't help but think about the future.
意見を述べずにはいられない。,Can't help but have an opinion
あまり見えない。,I can't see much.
あまり人に頼るな。,Don't rely on others too much
あまり食べすぎるな。,Don't eat too much.
最近あまり会わない。,I haven't seen you much lately.
あまり無理するなよ。,Don't push yourself too hard
あまり楽しくなかったな。,That wasn't much fun.
あなたが戻って来てくれて嬉しいです。,I'm glad you're back.
あなたが夢を見させてくれるのね。,You're the one who makes me dream.
腕を離してくれ。,Let go of my arm.
話しを聞かせてくれ。,Let me talk to you.
僕と踊ってくれませんか。,I want you to dance with me.
生きる意味を考えてくれる。,You make me think about the meaning of life.
説明してくれてありがとう。,Thank you for explaining.
踊ってもらえますか。,Will you dance with me?
予約してもらえませんか。,Will you make a reservation?
友達にたすけてもらいなさい。,Ask your friends to help you
毎朝起こしてもらえますか。,Can you wake me up every morning?
僕は妹に写真を取ってもらった。,I asked my sister to take my picture.
目の前で料理してもらうのは素敵だ。,It's nice to have someone cook in front of you.
子供の頃しょっちゅう勉強しると言われた。,"When I was a child, I was often told I needed to study."
紅茶とコーヒーどちらでもどうぞと言われた。,I was told I could have tea or coffee.
僕は医者に見てもらったほうがいいと言われた。,He said I should see a doctor.
結婚してくれと言われたとき私は言葉に窮した。,"When he asked me to marry him, I was at a loss for words."
彼は助けてくれと叫んだ。,He screamed for help.
彼にそうしてくれと頼んだ。,I begged him to do so.
彼は私に許してくれと言った。,He asked me to forgive him.
彼はお金を貸してくれと頼んだ。,He asked me to lend him some money
誰かが助けてくれ叫んでいる。,Someone is screaming for help
彼は給料を上げてくれと要求した。,He demanded a raise in his salary.
彼女は彼に家まで送ってくれと訴えた。,She pleaded with him to give her a ride home.
凍るように冷たい。,Freezing cold
焼けるように熱い。,Searing hot
うだるように暑い。,Sweltering hot
働き過ぎないように。,Don't work too hard
汽車に間に合うように急げ。,Hurry up so you can catch the train
またいつか風のように走るんだ。,You'll be running like the wind again someday
必ず弱火で煮立たないように煮ること。,Be sure to boil it over low heat so it doesn't boil over
ここは差し込むように痛みます。,It hurts like a plunger here
袖を捲ってください。,Please roll up your sleeves
今日は寒くてしょうがない。,It's so cold today
心配したってしょうがないよ。,I don't care if you're worried
冷たいものを飲みたくてしょうがない。,I can't help but want something cold to drink
対策に関する討議が行われた。,Discussions were held on countermeasures.
それは細菌感染に有効だ。,It's effective against bacterial infections.
その新型車が市場に出ている。,That new car is on the market.
何がそう言ったにせよそれはうそだよ。,"Whatever told you that, it's a lie."
捕まらないようにしろよ。,Try not to get caught.
彼は我々の求めに応じて歌って。,He sang at our request.
電車は駅に向かっていた。,The train was heading for the station.
彼の努力にも関わらず事故は起こった。,"Despite his best efforts, the accident happened."
彼女は事実に基づいて議論を展開する。,She bases her arguments on facts.
自分お主義に基づいて行動した。,She acted on her own principles.
塩と重曹を水に加えてください。,Add salt and baking soda to the water.
雨に加えて激しい風にもあった。,We had heavy winds as well as rain.
警戒するに越したっことはない。,It's always better to be safe than sorry.
何か別の方法があるに決まっている。,There's got to be another way.
そんな計画は失敗するに決まっている。,A plan like that is bound to fail.
お金持ちに関わらず彼女は幸せでない。,"Regardless of how rich she is, she's not happy."
彼らとは関わるな。,Don't get involved with them.
地球の資源は限られている。,Earth's resources are limited.
学生に限り入場可。,Only students are admitted.
急いでいる時に限ってバスが遅れる。,The bus is always late when I'm in a hurry.
夏はビールに限るね。,Beer is the best drink in summer.
ただしかっこいい男に限る。,But only if you're good-looking.
誕生日に限らずプレゼントをもらうのは嬉しいものだ。,"It's always nice to receive gifts, not just on your birthday."
服装や髪型はその人の内面の表れにほかならない。,Clothing and hairstyle are nothing but an expression of a person's inner self.
予想に反して楽に勝てましたね。,"Contrary to my expectations, you won easily."
海外旅行をするにあたりインターネットで気候を調べました。,I researched the climate on the Internet for my trip abroad.
行かなければならない。,I have to go.
将来に備えねばならない。,We have to prepare for the future.
冬が近づきつつある。,Winter is approaching
物価が上がりつつある。,Prices are rising.
人口は増加しつつある。,The population is growing.
自分としては満足している。,I am satisfied with my life.
旅行方法としてはどれが一番良いですか。,Which is the best way to travel?
夜を徹するか否か。,Whether to stay up all night or not.
全力を尽くすか否かだ。,Whether or not to give it your all.
私にはそれが真実か否かが分からない。,I can't tell if that's true or not.
以前より悪くなってる？,Is he worse off than before?
彼は以前ほど太ってない。,He's not as fat as he used to be.
彼は以前早起きだった。,He used to be an early riser.
彼は以前とは違う。,He's not like he used to be.
彼は以前よりは健康ではない。,He's not as healthy as he used to be.
彼は以前は酒を飲まなかった。,He used to not drink.
許可なしにしゃべらないで下さい。,Please don't speak without permission.
許可なしにしゃべらないで下さい。,Do not speak without permission.
成功は努力いかんによる。,Success depends on hard work.
雨にあってすっかりびしょ濡れになった。,It was raining and I was completely soaked.
このお店、近くにあって良かったね。,It's a good thing this store is close by.
急がなくてもいいよ。,You don't have to hurry.
彼は今日は学校へ行かなくてもいい。,He doesn't have to go to school today.
踊りましょうか。,Shall we dance?
歩きましょうか。,Shall we walk?
始めましょうか。,Shall we begin?
説明しましょうか。,Shall we explain?
休憩しましょうか。,Shall we take a break?
窓を開けましょうか。,Shall we open a window?
何か手伝いましょうか。,Do you need help?
どこで会いましょうか。,Where shall we meet?
昼食は何にしましょうか。,What do you want for lunch?
結構です。それにしましょう。,"No, thank you. Let's do that."
何か飲み物をいれましょうか。,Can I get you something to drink?
お取り寄せいたしましょうか。,Would you like me to order something for you?
取り寄せていただけますか。,Can you order it for me?
そうですか、じゃ、取り寄せてもらえますか。,"I see. Well, can you order it for me?"
前にもあったよ。,It's happened before.
話す前に考えなさい。,Think before you speak.
６時前には来ないで。,Don't come before 6:00.
歩きながら話しましょう。,Let's talk while we walk.
お茶を飲みながら話しましょう。,Let's talk over a cup of tea.
台所に入ってこないで。,Don't come into the kitchen.
話しかけてこないでよ！,Don't talk to me!
もう電話してこないで。,Don't call me again.
どうやって我慢するの？,How do you put up with that?
どうやって出会ったの？,How did you meet?
どうやってやるの？,How do you do it?
どうやって知り合ったの？,How did you get to know each other?
どうやって作ったのですか。,How did you make it?
学校へはどうやって行ってるの？,How do you go to school?
後で取りに来ます。,I'll come back for it later.
後で電話するね。,I'll call you later.
後でまた言ってね。,Tell me later.
後で追いつきますから。,I'll catch up with you later.
後で結果を教えてね。,I'll let you know how it goes.
後でそれしてもいい？,Can I do that later?
私は後で君たちに合流する。,I'll join you guys later.
週末はどんな予定？,What are your plans for the weekend?
どんな曲を弾くの？,What songs did you play?
どんな食事をしたの。,What did you eat?
どんな本を買ったの？,What books did you buy?
どんな靴が好きですか。,What kind of shoes do you like?
どんな症状がありますか。,What symptoms do you have?
木は燃えやすい。,Wood is flammable.
紙は燃えやすい。,Paper is flammable.
英語は学びやすい。,English is easy to learn.
ガラスは壊れやすい。,Glass is fragile.
卵は夏には腐りやすい。,Eggs rot easily in summer.
私は風邪を引きやすい。,I catch colds easily.
この車は運転しやすいな。,This car is easy to drive.
旅先では迷子になりやすい。,It's easy to get lost on the road.
彼女は不幸らしい。,She seems to be unhappy.
彼女は幸せらしい。,She seems to be happy.
彼は学生らしい。,I heard he was a student.
彼はいい奴らしい。,He's a good guy.
秘密が漏れたらしい。,He's got a secret.
彼は大変眠いらしい。,He's very sleepy.
私は彼を知るようになった。,I've come to know him.
彼は泳げるようになった。,He can swim.
私は英語を話せるようになりたい。,I want to learn to speak English.
彼はとうとうそれを理解するようになった。,He has finally come to understand it.
雨に濡れないようにしなさい。,Try not to get wet in the rain.
痛くないようにしてください。,Try not to get sore.
犬か猫か鶏を飼うようにしなさい。,Try to keep a dog or a cat or a chicken.
火が消えないようにしてください。,Try not to let the fire go out.
誰にも迷惑をかけないようにします。,Try not to bother anyone.
すごく疲れてるみたいだね。,You look really tired.
本当に緊張してるみたいだね。,You look really nervous.
かなり忙しかったみたいだね。,You've been pretty busy.
これ、お茶みたいな味がする。,This tastes like tea.
夢見てるみたいな気分だよ。,I feel like I'm dreaming.
これ、サーモンみたいな味がする。,This tastes like salmon.
胃の調子が悪いみたいなんだよ。,I think my stomach is upset.
犬は病気みたい。,The dog looks sick.
夢みたいだ。,It's like a dream.
実際感じたままを話してよい。,You can tell it like you feel it.
天気はずっと悪いままだった。,The weather stayed bad for a long time.
動物は本能のままに振る舞う。,Animals behave according to their instincts.
待ってた方がいい?,Should we wait for them?
急いだほうがいいよ。,We'd better hurry.
家にいる方がいいな。,I'd rather stay home.
でも慣れた方がいい。,But you'd better get used to it.
すぐに出た方が良い。,We'd better leave now.
早く寝た方がいいよ。,You should get some sleep.
言わない方がいいよ。,You don't want to tell me.
風邪を治した方がいい。,You should get over your cold.
消した方がいいのかな？,Do you think I should turn it off?
少し休んだ方がいいよ。,You should get some rest.
医者に相談した方がいいよ。,You'd better consult a doctor.
彼女の意見に従うほうがいい。,You should follow her advice.
彼女に謝ったほうがいいですよ。,You'd better apologize to her.
全てうまくいくはずだよ。,Everything should be fine.
これで痛みは和らぐはずだ。,This should help with the pain.
まだ始めないで。,Don't start yet.
最初から始めよう。,Let's start from the beginning.
いつから付き合い始めたの？,When did you start dating?
列車は雪のために遅れた。,The train was delayed because of the snow.
台風のために休校になった。,The school was closed because of the typhoon.
食物は生きるために必要だ。,Food is necessary for survival.
彼女は彼にそれをさせた。,She made him do it.
母は私に風呂場の掃除をさせた。,My mother made me clean the bathroom.
無理やり彼女に宿題をさせた。,She forced me to do my homework.
次の試合を私にさせて下さい。,Please let me have the next game.
彼にそれをさせられなかった。,I couldn't let him do it.
子供を好きかってにさせておくな。,Don't let a child do as he pleases.
私にそれをもう一度させてください。,Let me do it again.
どうか埋め合わせをさせてください。,Please let me make it up to you.
驚いたふりをしないで。,Don't pretend to be surprised.
彼は医者のふりをした。,He pretended to be a doctor.
彼は寝たふりをした。,He pretended to be asleep.
聞こえないふりをした。,He pretended not to hear.
彼女は学生のふりをした。,She pretended to be a student.
解っていないふりをするのは止めなさい。,Stop pretending you don't know what you're doing.
１０日ぶりに雨が降った。,It rained for the first time in ten days.
彼の話ぶりに腹が立った。,I was angry at the way he talked.
彼の進歩ぶりに満足しています。,I am pleased with his progress.
彼の上達ぶりに満足しています。,I'm pleased with the way he's progressing.
もちろん、一緒に行くよ。,Of course I'll go with you.
もちろん彼は絶対に正しい。,Of course he's absolutely right.
もちろん、帰ってくるさ。,Of course I'll come back.
もちろん、戻ってくるよ。,Of course I'll come back.
もちろん、そうするわ。,Of course I will.
もちろん、いいですよ。,Of course I will.
もちろん彼を訪ねます。,Of course I'll visit him.
もちろん、冗談だよ。,"Of course, I'm kidding."
もちろん、喜んで。,"Of course, with pleasure."
もちろんいいとも。,Of course I'm willing.
火事の場合はベルを鳴らせ。,"If there's a fire, ring the bell."
君の場合は例外としよう。,I'll make an exception in your case.
その場合は君が正しい。,"In that case, you're right."
雨の場合私は行かない。,"If it's raining, I'm not going."
それは極端な場合だ。,That's an extreme case.
彼は科学者として有名だ。,He is famous as a scientist.
彼は芸人として成功した。,He is a successful comedian.
神戸は港市として有名だ。,Kobe is famous as a port city.
彼女は女優として有名です。,She is famous as an actress.
彼女は通訳として雇われた。,She was hired as an interpreter.
彼は教師としての経験が浅い。,He is inexperienced as a teacher.
彼女を秘書として使ってみよう。,Let's use her as a secretary.
彼は翻訳家として働いている。,He is working as a translator.
ガソリンは燃料として使われる。,Gasoline is used as fuel.
冬の到来と共に日が短くなりつつある。,"With the arrival of winter, the days are getting shorter."
彼らの親密さは年月とともに深まった。,Their intimacy has deepened over the years.
精神は肉体とともに発達させるべきである。,The mind should be developed along with the body.
春の訪れとともに暖かくなり、美しい花が咲く。,"With the arrival of spring, the weather is getting warmer and beautiful flowers are blooming."
年齢を重ねるとともに知恵がついてくるのです。,"As we age, we gain wisdom."
彼を見たとたん私は吹き出した。,As soon as I saw him I was blown away.
家を出たとたん、偶然彼女に会った。,"As soon as I left home, I ran into her."
家に着いたとたん嵐になった。,"As soon as I arrived home, there was a storm."
彼女に会った途端、僕は恋に落ちた。,"As soon as I saw her, I fell in love."
私は彼女に会ったとたん誰だか分かった。,"As soon as I saw her, I knew who she was."
全てが好きとは限らない。,Not everything is love.
その陳述は全くの真実とは限らない。,The statement may not be entirely true.
金持ちが必ずしも幸せとは限らない。,Rich doesn't always mean happy.
いつもうまくいくとは限りませんよ。,It doesn't always work out.
日曜日はいつも家にいるとは限らない。,You don't always stay home on Sunday.
必ずしも苦い薬が行く効くとは限らない。,It's not always the bitter medicine that goes that works.
理論と実践は常に両立するとは限らない。,Theory and practice don't always go hand in hand.
善人が必ずしも成功するとは限らない。,Good people don't always succeed.
どんなに速く走っても、君は勝てない。,"No matter how fast you run, you can't win."
どんなに高くても、あの古い時計を買います。,"No matter how expensive it is, I will buy that old watch."
人はどんなに年をとっても学ぶことができる。,"No matter how old you are, you can always learn."
どんなに忙しくても新聞ぐらいは読むべきです。,"No matter how busy you are, you should at least read the newspaper."
どんなに遅くなっても必ず起こしてくださいよ。,"No matter how late it gets, you should always wake me up."
どんなに探しても無くした時計は見つからなかった。,"No matter how hard I looked, I couldn't find the watch I lost."
どんなにたくさん食べても、私は決して太らない。,"No matter how much I eat, I will never get fat."
どんなに速く歩いてもあなたは彼に追いつけない。,"No matter how fast I walk, you will never catch up with him."
事態は悪くなる一方です。,Things are only going to get worse.
謎は深まる一方だわ。,The mystery just keeps getting worse.
その上に座るな。,Don't sit on it.
学校は丘の上だ。,The school is on a hill.
私は草の上に寝た。,I lay down on the grass.
辞書が机の上にある。,The dictionary is on the desk.
彼は努力のおかげで成功した。,He succeeded because of his efforts.
そのおかげで誤解が解ける。,"Thanks to him, the misunderstanding is cleared up."
君のおかげで成功できた。,"Thanks to you, I succeeded."
奨学金のおかげで彼女は留学した。,"Thanks to the scholarship, she went to study abroad."
錠剤のおかげで痛みがなくなった。,"Thanks to the pills, the pain is gone."
彼は能力と勤勉のおかげで成功した。,He succeeded because of his ability and hard work.
一行おきに書け。,Write every other line.
３０分おきに出ます。,I leave every half hour.
私は１日おきに入浴する。,I take a bath every other day.
六時間おきに体温を測った。,I took his temperature every six hours.
彼は数日おきにここに来る。,He comes here every few days.
汽車は２時間おきに出発する。,The train leaves every two hours.
会議は一週間おきに行われる。,Meetings are held every other week.
ここではバスは十分おきに通る。,The bus goes by here every ten minutes.
４時間おきにこの薬をのみなさい。,Take this medicine every four hours.
その番組は１週間おきに放送される。,The program will be broadcasted every other week.
恐れるな。,Don't be afraid.
動物は火を恐れる。,Animals are afraid of fire.
彼は危険を恐れない。,He is not afraid of danger.
人々は変化を恐れる。,People are afraid of change.
彼はヘビを恐れている。,He is afraid of snakes.
おそれることは何もない。,There is nothing to be afraid of.
ミスをすることを恐れるな。,Don't be afraid to make a mistake.
間違えることを恐れないで。,Don't be afraid of making mistakes.
人は洪水や火災などの災害を恐れる。,People are afraid of disasters such as floods and fires.
私の願いがかなわないと恐れている。,I am afraid that my wish will not be fulfilled.
あなたを怒らせることを恐れています。,Fear that I will offend you.
質問をする事を恐れてはいけない。,Don't be afraid to ask questions.
新しい物事に手を出すのを恐れるな。,Don't be afraid to try new things.
ここへ来たきっかけは何ですか？,What brought you here?
ここへ来たきっかけは何ですか？,What brought you here?
横にお掛けなさい。,Please sit down beside me.
川が枯れかけている。,The river is dying.
迷惑かけてごめんね。,I'm sorry to bother you.
彼は麻酔をかけられた。,He was put under anesthesia.
彼は上着を鉤にかけた。,He put his jacket on the hook.
二かける七は十四です。,Two times seven is fourteen.
彼女はカーテンを掛けた。,She hung the curtains.
戸にロックをかけなさい。,Put a lock on the door.
彼は感情を表わしがちだ。,He tends to show his emotions.
彼は約束を忘れがちである。,He tends to forget his promises.
彼は電車に傘を忘れがちだ。,He tends to forget his umbrella on the train.
私たちは間違いをしがちです。,We are apt to make mistakes.
彼は学識を自慢しがちであった。,He was apt to boast of his learning.
事故はとかく起こりがちなもの。,Accidents are apt to happen.
私達は他人の悪口を言いがちだ。,We tend to speak ill of others.
学生は時間を浪費しがちである。,Students tend to waste their time.
老人は過去を振り返りがちである。,Old people tend to look back on the past.
果物はすぐにくさりがちである。,Fruit tends to go bad quickly.
風邪かな？,Is it a cold?
恋かな？,Is it love?
遅れたかな？,Am I late?
今晩暇かな？,Are you free tonight?
そうなのかな？,Is it?
可能性あるかな？,Do you think it's possible?
晴れるのかなあ？,Is it going to be sunny?
道間違えたかな？,Did I take a wrong turn?
彼に話すのかな。,I wonder if I should tell him.
それって変かな？,Would that be weird?
あれで十分かな？,Would that be enough?
誰を呼ぼうかな。,I wonder who I should call.
誰にしようかな？,Who should I call?
同席してもいいかな。,Is it okay if I sit in?
彼女の話は本当かな？,Do you think she's telling the truth?
夕食に何作ろうかな。,What should I make for dinner?
あれは関係あるかな？,Is that relevant?
次はいつ会えるかな？,When can I see her again?
私は週末にかけて伊豆へ行くつもりだ。,I'm going to Izu over the weekend.
雨がよく降るのは、５月から８月にかけてです。,It rains a lot from May to August.
わたしはソファーにかけている。,I'm hanging on the couch.
やるからには最善を尽くしなさい。,"If you're going to do it, do it the best you can."
注射器を見たからには落ち着いてきた。,"Now that I've seen the syringe, I've calmed down."
バスの代わりに電車で行こうよ。,Let's take the train instead of the bus.
彼は上司のかわりに会議に出席した。,He attended the meeting instead of his boss.
私は勉強するかわりにテレビを見た。,I watched TV instead of studying.
英語の代わりにフランス語を習いました。,I learned French instead of English.
5時ぐらいだよ。,It's about five o'clock.
何時ぐらい？,What time is it?
何日ぐらいで着きますか。,How long will it take you to get there?
３週間ごとに会ってます。,We meet every three weeks.
バスは１５分ごとにでます。,The bus leaves every 15 minutes.
２時間毎に局部を湿布しなさい。,Do a local compress every two hours.
電車は３０分ごとに走っている。,The train runs every 30 minutes.
食前ごとにこの薬を飲みなさい。,Take this medicine before every meal.
この薬は３時間毎に飲んでください。,You should take this medicine every three hours.
先生のこと好き？,Do you like the doctor?
変なこと言うなよ。,Don't say anything funny.
危ない事はするな。,Don't do anything dangerous.
そのことで悩むな。,Don't let it bother you.
それって凄いこと？,Is that a big deal?
食べたことあるの？,Have you ever eaten?
やったことあるの？,Have you ever done that?
これ見たことある？,Have you seen this?
簡単な事じゃない。,It's not easy.
これは普通のこと？,Is this normal?
何も言うことはないの？,Don't you have anything to say?
もちろんそんなことはない！,"No, of course not!"
お前なんかに話すことはない。,I have nothing to say to you.
もう二度と起こることはないよ。,It won't happen again.
今晩は列車がとても込んでいる。,The train is very crowded this evening.
この価格は昼食代込みですか？,Does this price include lunch?
食事代はサービス料も込みになっています。,The price of the meal includes the service charge.
彼は手紙を火の中に投げ込んだ。,He threw the letter into the fire.
終わり際になってその実験は失敗であると気づいた。,"Toward the end, he realized that the experiment was a failure."
危機の際には赤ランプが点灯する。,"In times of crisis, the red light comes on."
お困りの際には、お電話ください。,"If you need help, please call us."
言語を学ぶ際に間違うことを恐れてはいけないのです。,Don't be afraid to make mistakes when learning a language.
実際に何が起こったのか。,What actually happened?
学校の場所さえ分かるか？,Do you even know where the school is?
彼は私に謝りさえしなかった。,He didn't even apologize to me.
綺麗じゃない？,Isn't it beautiful?
嘘じゃないよ。,I'm not lying.
これじゃないよ。,It's not this.
もう好きじゃない。,I don't like him anymore.
遊びじゃないんだ。,It's not a game.
現実じゃなかった。,It wasn't real.
笑い事じゃないよ！,It's not funny!
そこに行くたびに彼女に会う。,I see her every time I go there.
この映画を見るたびに泣く。,I cry every time I watch this movie.
この本は読むたびに発見がある。,I discover this book every time I read it.
彼は上京するたびに私の家に泊まる。,"Every time he comes to Tokyo, he stays at my house."
彼はいつでも英語を話す度に間違いをする。,He always makes a mistake every time he speaks English.
壁は落書きだらけです。,The walls are covered with graffiti.
彼の手は泥だらけだった。,His hands were covered with mud.
この本は間違いだらけだ。,This book is full of mistakes.
この制度は欠陥だらけだ。,This system is full of flaws.
うわぁ、観光客だらけ。,"Wow, it's full of tourists."
それは矛盾だらけだ。,It's full of contradictions.
部屋はゴミだらけだ。,The room is full of garbage.
買い物ついでにでもお寄りください。,Please stop by while you shop.
君が飲むついでに、僕の分も入れてくれないかな。,"While you're drinking, why don't you fill me up."
そんな物あったっけ？,Did we have any of those?
次の時間は何だっけ？,What's the next time?
どこに置いたっけ？,Where did I put it?
何を考えていたんだっけ。,What was I thinking about?
これどうやるんだっけ？,How am I going to do this?
何の話をしていたっけ？,What were we talking about?
あの人、何て名前だったっけ？,What was that guy's name again?
パリに行きたくてたまりません。,I'm dying to go to Paris.
私は外国へ行きたくてたまらない。,I am dying to go to a foreign country.
冷えたビールがあればたまらないね。,I can't wait to have a cold beer.
彼は彼女に会いたくてたまらなかった。,He couldn't wait to see her.
彼らは昼食が待ちどおしくてたまらない。,They couldn't wait to have lunch.
登山家は清水が欲しくてたまらなかった。,The mountaineer was desperate for fresh water.
私は冷たい飲み物がほしくてたまりません。,I'm dying for a cold drink.
彼は天才だと言っても過言ではない。,It is no exaggeration to say that he is a genius.
彼の作品を知っているといってもほんの少しです。,I know only a few of his works.
宿屋といってもまるで丸太小屋のようだ。,The inn looks like a log cabin.
彼女は歌手といってもお粗末なものだ。,"She's a singer, but a lousy one."
客間に通された。,I was ushered into the drawing room.
銅はよく電気を通す。,Copper is a good conductor of electricity.
床下にパイプを通す。,The pipes run under the floor.
私は彼を部屋に通した。,I ushered him into the room.
どうぞ通してください。,Please let him in.
冬中暖房無しで通した。,I let him in without heat all winter.
この上着は雨を通さない。,This jacket is impervious to rain.
この布地は水を通さない。,This fabric is impervious to water.
彼らはジャングルに道を通した。,They made their way through the jungle.
済みません。通してくれますか。,I'm sorry. Can you let me through?
彼女を通しなさい、すぐ会うから。,"Let her through, I'll see you soon."
彼女は闇にまぎれて逃げとおせた。,She was able to escape under the cover of darkness.
道を開けて子どもを通してください。,Please open the way and let the child through.
この点に関しては意見が異なっている。,We have a difference of opinion on this point.
このことに関してまた君に電話するよ。,I'll call you back about this.
彼女の才能に関しては疑問の余地が無い。,There is no question about her talent.
私に関して言えば、肉よりも魚が好きだ。,"As for me, I prefer fish to meat."
私に関して言えば、土曜日が都合がよい。,"As for me, Saturdays are more convenient."
家賃に関して私は彼と折り合いがついた。,I've come to an agreement with him about the rent.
その報告は販売に関しては思わしくない。,The report does not look good for sales.
スケジュールに関しては、後でお知らせします。,"As for the schedule, I'll let you know later."
以前に比べれば、ここでの生活は随分楽になりました。,"Compared to the past, life here is a lot easier."
ロンドンは東京に比べて小さい。,London is small compared to Tokyo.
彼は私の助言に従って行動した。,He acted according to my advice.
動物は本能に従って行動する。,Animals act according to their instincts.
君は能力にしたがって上達する。,You will improve according to your ability.
私たちは時間割に従って勉強する。,We will study according to the timetable.
君は指示に従ってさえいればいいのです。,All you have to do is follow the instructions.
君は自分の主義に従って行動すべきである。,You should act according to your own principles.
君は規則に従って行動しなければならない。,You have to act according to the rules.
君の命令にしたがって私はボートを売ろう。,I'll sell my boat according to your order.
我々はいつも法律に従って行動するべきだ。,We should always act according to the law.
私の設計にしたがって、作ってもらいました。,I had it built according to my design.
私たちは彼女の指示に従って作業を完了した。,We completed the work according to her instructions.
解答はすべて指示に従って書かねばならない。,All solutions must be written according to the instructions.
何をやるにしても、彼は上手にこなす。,"No matter what he does, he does it well."
どこへ行くにしても私は道に迷う。,"Wherever I go, I get lost."
どんな本を読むにしても、注意深く読みなさい。,"No matter what book you read, read it carefully."
どんなに一生懸命にしてもそれはできないだろう。,"No matter how hard you try, you will not be able to do it."
私は女性に関しては弱い。,I'm weak when it comes to women.
それに関して、私は君に賛成だ。,I'm with you on that.
その件に関して特に疑問はない。,I have no doubts about that.
価格に関して話し合いたいのですが。,I would like to discuss the price.
スタイルに関してはこの車が一番だ。,This car is the best when it comes to style.
敵に対して寛大だ。,He is generous to his enemies.
彼は友人に対して寛大だ。,He is generous to his friends.
彼女は動物に対して優しい。,She is kind to animals.
彼は誰に対しても腰が低い。,He is low to everyone.
彼女に対して疑いを持ちだした。,I began to have doubts about her.
協力者に対しては賞金が出ます。,There is a reward for cooperation.
彼は批評に対してたいへん敏感だ。,He is very sensitive to criticism.
彼は私の質問に対してうなずいた。,He nodded in response to my question.
彼はその事故に対して責任がある。,He is responsible for the accident.
間違ったに違いない。,He must have made a mistake.
病気だったに違いない。,He must have been sick.
それは本当に違いない。,It must be true.
彼らは幸せにちがいない。,They must have been happy.
彼らは誤ったに違いない。,They must have been wrong.
彼はそれを見たに違いない。,He must have seen it.
彼は家が恋しいに違いない。,He must be missing home.
冗談を言ってるに違いない。,He must be joking.
彼女は美しかったに違いない。,She must have been beautiful.
政治について討論しよう。,Let's discuss politics.
彼の髪型について一言した。,I made a comment about his hairstyle.
ゲームについてのご感想は？,What do you think of the game?
日本についてどう思いますか。,What do you think about Japan?
この牛肉は１ポンドにつき４ドルです。,This beef costs four dollars per pound.
我々はその品物を１ダースにつき３ドルで買った。,We bought that item for $3 per dozen.
私は一時間につき十ドルもらっています。,I am paid ten dollars per hour.
１ページにつき、３枚ずつコピーして下さい。,Please make three copies of each page.
彼女は１日につき３０ドル稼ぐ。,She makes thirty dollars per day.
午後を通してずっと雨が降っていた。,It had been raining all afternoon.
山を通してトンネルを通した。,Tunnels were built through the mountains.
それらは１年を通してずっと飾られている。,They are decorated throughout the year.
貨幣は銀行制度を通じて流通する。,Money circulates through the banking system.
彼女とは友人を通じて知り合った。,I met her through a friend.
全ての場合を通じて、恋愛は忍耐である。,"In all cases, love is patience."
この山は一年を通じて雪に覆われている。,This mountain is covered with snow all year round.
彼は経験がないわりによくやる。,He does well despite his lack of experience.
彼は若いわりにはとてもいい仕事をした。,He did a very good job for one so young.
彼は年齢の割に老けて見える。,He looks old for his age.
この布は値段の割に品質が良い。,This cloth is of good quality for the price.
僕は負けるわけにはいかない！,I can't afford to lose!
本当に捨てるわけにはいかないよ。,I really can't throw it away.
本当に捨てるわけにはいかないよ。,I really can't throw it away.
もうこれ以上延ばすわけにはいかない。,I can't extend it any longer.
何事も思い通りにするわけにはいかない。,You can't do everything as you wish.
そんな話を聞くと笑わないわけにはいかない。,I can't help but laugh when I hear that.
誰でも車が持てるわけではない。,Not everyone can afford a car.
北海道がいつも寒いわけではない。,It is not always cold in Hokkaido.
全ての鳥が飛べるわけではない。,Not all birds can fly.
彼はいつも遅刻するわけではない。,He is not always late.
私はいつも早起きするわけではない。,I don't always wake up early.
夏休みの間にそれをした。,I did that during my summer vacation.
頭と胴体の間に首がある。,There is a neck between the head and the torso.
休みの間に東京へ一週間行きます。,During my vacation I will go to Tokyo for a week.
休暇の間にはフランスへ行きます。,During my vacation I will go to France.
あなたが寝ている間に、私は本を読む。,"While you are sleeping, I will read a book."
この１年の間に、物価は２倍になった。,"During the past year, prices have doubled."
６時から７時の間に出発するようにしてください。,Try to leave between six and seven o'clock.
３時間待った。,I waited for three hours.
両者の間に関係はない。,There is no relationship between the two.
私は彼らの間に座った。,I sat between them.
行と行との間をあける。,Leave some space between the lines.
命のある間は希望がある。,"While there is life, there is hope."
二つの家の間に庭がある。,There is a garden between the two houses.
彼は二十年間教えている。,He has been teaching for twenty years.
学校は三時半に終わる。,School is over at 3:30.
講義ってもう終わった？,Have you finished your lecture yet?
彼女が来るかどうか疑う。,I doubt if she'll come.
彼が来るかどうか疑問だ。,I wonder if he'll come.
彼が来るかどうか知らない。,I don't know if he'll come.
君が明日暇かどうか知りたい。,I want to know if you're free tomorrow.
君が来るかどうかは問題ではない。,It doesn't matter if you're coming or not.
それが本当かどうか聞いてみよう。,I'll ask him if it's true.
雨になるかもしれないな。,It might rain.
列車に乗り遅れたのかもしれない。,You might have missed the train.
それは今にも起こるかもしれない。,It could happen at any moment.
その余裕がないかもしれないから。,We may not be able to afford it.
夜から雪が降るかもしれないですね。,It might start snowing at night.
見たことがあります。,I've seen it.
金沢では吹雪くことがある。,There are times when it blows in Kanazawa.
野球をしたことがありますか。,Have you ever played baseball?
彼は北海道にいたことがある。,He has been in Hokkaido.
彼女に３回会ったことがある。,I've seen her three times.
仮眠をとることにした。,I decided to take a nap.
彼は試してみる事にした。,He decided to give it a try.
私は車を買うことにした。,I decided to buy a car.
彼らは結婚することにした。,They decided to get married.
毎日散歩することにしてるの。,I'm going to take a walk every day.
私は毎朝走ることにしている。,I'm going to run every morning.
どうしてそんな事になったの？,How did that happen?
明日で１週間雨が続く事になる。,It's going to rain for a week tomorrow.
私はパリに行く事になっている。,I'm supposed to go to Paris.
７時にバスを待つ事になっています。,I'm supposed to wait for the bus at 7:00.
彼女は結局彼と結婚することになった。,She was to marry him after all.
彼にそれを独りでさせなさい。,Let him have it alone.
謝るしかない。,All I can do is apologize.
二時間しか寝なかった。,I only slept for two hours.
彼女は野菜しか食べない。,She only eats vegetables.
五千円しか持っていない。,I only have five thousand yen on me.
英語を少ししか話せません。,I can only speak a little English.
高すぎる！,Too high!
暗すぎる。,Too dark.
難しすぎる。,Too difficult.
夏は過ぎた。,Summer is over.
小さすぎる。,Too small.
静か過ぎる。,Too quiet.
遠すぎるわ。,Too far away.
複雑すぎます！,It's too complicated!
また１日が過ぎた。,Another day has passed.
これは派手すぎる。,This is too fancy.
眠すぎて倒れそう。,I'm going to fall asleep.
あれは簡単すぎた？,Was that too easy?
彼は早く着きすぎた。,He got there too early.
彼は酒を飲みすぎる。,He drinks too much.
いつもそうでした。,He always did.
怪我自体はなん針か縫う程度だそうです。,The injury itself is said to require only a few stitches.
怪我自体はなん針か縫う程度だそうです。,The injury itself is said to require only a few stitches.
出してくれ。,Get me out of here.
元気出して。,Cheer up.
張り紙を出した。,I put up a sign.
ごみを外に出して。,Take out the trash.
答案を出して下さい。,Please give me your answers.
ごめん。道が混んじゃって。,I'm sorry. The streets are so crowded.
ボタンを押してください。,Press the button.
ドアは押して開けてください。,Push to open the door.
ここに拇印を押してください。,Please put your thumbprint here.
私は家に着くやいなや寝た。,I went to bed as soon as I arrived home.
外に出るや否や雨が降ってきた。,"As soon as I stepped outside, it started to rain."
到着するやいなや彼は病気になった。,"As soon as he arrived, he became ill."
私が家につくや否や妹は出て行った。,"As soon as I arrived home, my sister left."
彼が到着するや否や、バスは出発した。,"As soon as he arrived, the bus departed."
全力を尽くすつもりです。,I will do my best.
お役に立てずすみません。,I'm sorry I can't be of more help.
お役に立てて何よりです。,I'm glad I could be of help.
お役に立ててうれしいです。,I'm glad I could be of help.
お役に立ててよかったです。,I'm glad I could help you.
何かお役に立てることはありますか？,What can I do to help you?
また別の機会にお役に立てれば幸いです。,I hope I can be of help another time.
役に立つはずだ。,It should be useful.
役に立つでしょう。,It will be useful.
鉄は役に立つ金属だ。,Iron is a useful metal.
それは非常に役に立つ。,It's very useful.
あなたの役に立ちたい。,I want to be useful to you.
あれって、役に立った？,Was that useful?
この本は我々に役にたつ。,This book is useful to us.
この道具は実に役に立つ。,This tool is very useful.
心配して何の役に立つのか。,What's the use of worrying about it?
パソコンはとても役に立つ。,The computer is very useful.
それは役に立つ情報ですよ。,It's useful information.
この機械はとても役に立つ。,This machine is very useful.
彼の助言は非常に役に立った。,His advice was very helpful.
それが役に立つと思いますか？,Do you think it will help?
多分これが役に立つと思うよ。,Maybe this will help you.
水泳は大変役に立つ技術である。,Swimming is a very useful skill.
私は何かお役に立ちましょうか。,Can I be of any help to you?
このサイトには、役に立つ記事がたくさんある。,There are a lot of useful articles on this site.
別の角度から問題を見ると役に立つかもしれない。,It might be helpful to look at the problem from a different angle.
この道具はちゃんと使えばとても役に立つ。,This tool is very useful when used properly.
何でもお役に立てるようにいたします。,We will try to help you in any way we can.
これはいつか役に立つかもしれない。,This may come in handy someday.
痛みが増しています。,The pain is increasing.
飛行機は速度を増した。,The plane picked up speed.
飛行機は速度を増した。,The plane has gained speed.
これできっと食欲が増します。,This will surely increase your appetite.
彼女は日に日に美しさを増す。,She grows more beautiful every day.
こういうの初めてだろ。,You've never done this before.
こういう次第だ。,It's up to you.
こういう風にやればいい。,You should do it this way.
こういう服、似合ってるよ。,You look good in these clothes.
よくこういう症状が起きますか。,Do you often have these symptoms?
僕はこういう音楽が好きではない。,I don't like this kind of music.
こういう場合には経験が物を言う。,"In such cases, experience comes into play."
こういうわけで私はここへ来ました。,That's why I'm here.
彼がこういう機会をのがすのは残念だ。,It's a pity he missed this opportunity.
こういうものが欲しいと思ってました。,I've always wanted something like this.
こういう危険があるのに登山は大流行です。,"In spite of these dangers, mountain climbing is all the rage."
こうしたら君のプラスになる。,"If you do this, it will be a plus for you."
どうしてこうしなきゃいけないの？,Why do I have to do this?
ここら辺の出身？,Are you from around here?
ここら辺を夜歩くのは危ないよ。,It's not safe to walk around here at night.
ここら辺にスーパーマーケットってある？,Is there a supermarket around here?
彼はテーブルをひっくり返した。,He turned the table upside down.
我々の道具は全部ひっくり返された。,All our tools have been turned over.
焼きたてパンの香ばしい香りが好き。,I love the savory smell of freshly baked bread.
彼の胸は期待に弾んだ。,His heart fluttered with anticipation.
私の心は喜びではずんだ。,My heart leapt with joy.
ゴムのボールは弾力性があるから弾む。,The rubber ball bounced because of its elasticity.
ボールははずんで塀を飛び越えた。,The ball bounced and jumped over the wall.
すごく寒いです。,It's so cold.
すごく蒸し暑い。,It's so hot and humid.
今日はすごく暑い。,It's very hot today.
すごく感動しました。,I was very impressed.
彼女はすごく色気がある。,She is very sexy.
君はすごく根性があるね。,You're so gutsy.
黒くて、甘くて、しっとりした何か。,"Something black, sweet, and moist."
ぐっすり眠れましたか。,Did you have a good night's sleep?
子猫はぐっすりと眠った。,The kitten slept soundly.
ぐっすり眠れましたか。,Did you get a good night's sleep?
授業中にウトウトしてしまったんだ。,I fell asleep in class.
目が覚めたばかりで、まだウトウトしてたんだ。,He had just woken up and was still out of it.
彼は食事をがつがつとった。,He gobbled up his meal.
彼は食事をがつがつ食べた。,He gobbled down his meal.
時間がどんどん経った。,Time went on and on.
風がどんどん強くなった。,The wind was getting stronger and stronger.
彼はどんどん走り続けた。,He kept running and running.
霧がどんどん濃くなっている。,The fog was getting thicker and thicker.
彼の事業はどんどん伸びている。,His business was getting longer and longer.
彼はテーブルを拳骨でどんどんたたいた。,He pounded the table with his knuckles more and more.
じろじろ人を見てはいけません。,Don't stare at people.
じろじろと私を見ないでくれませんか？,Can you please stop staring at me?
人のことをじろじろながめるのは失礼だ。,It's rude to stare at people.
彼らは彼女の水着を驚きの目でじろじろと見た。,They stared at her swimsuit in surprise.
じろじろ見るな。,Don't stare at me.
彼は私をじろじろ見た。,He stared at me.
他人の顔をじろじろ見るんじゃない。,Don't stare at other people's faces.
そんなじろじろ見つめないでください。,Please don't stare at me like that.
胸がドキドキするよ。,My heart is pounding.
めっちゃドキドキした。,I'm so excited.
わくわくしてた？,Are you excited?
彼女に会えると思うとわくわくする。,I'm excited to see her.
自分の新居にわくわくしている。,I'm excited about my new house.
見ていてハラハラさせられた。,It was very exciting to watch.
それは私にとってはらはらする一瞬だった。,It was a frustrating moment for me.
彼はイライラしていた。,He was frustrated.
君は僕をいらいらさせる。,You irritate me.
彼はその音にいらいらしている。,He's annoyed by the sound of it.
彼の退屈な話にはいらいらする。,His boring stories irritate me.
胸がムカムカします。,My chest feels queasy.
胃がむかむかする。,My stomach is queasy.
その悪臭にむかむかした。,The stench of it makes me sick to my stomach.
朝起きた時むかむかします。,I feel sick when I wake up in the morning.
彼は騒音にぎょっとした。,He was startled by the noise.
驚いてぎょっとする。,He is startled by the noise.
彼はその爆発にぎょっとした。,He was startled by the explosion.
その光景を見てぎょっとした。,He was startled by the sight.
彼の行動は我々をぎょっとさせた。,His actions made us cringe.
私はぞっとした。,I was horrified.
それは私をぞっとさせた。,It creeped me out.
あいつを見るとぞっとするよ。,It creeps me out to see him.
あいつを見るとぞっとするよ。,It creeps me out to look at him.
気づいてた？,Did you notice that?
これに気づいてた？,Did you notice this?
よく気付いたね！,How did you notice that?
何か間違いに気づいた？,Did you notice any mistakes?
それには気付かなかった。,I didn't notice that.
雷がゴロゴロいったよ。,I heard thunder rumbling.
胃がごろごろ音をたてます。,My stomach rumbled.
ざあざあ雨が降った。,It was raining hard.
雨がぽつぽつと降ってきた。,The rain started to fall in patches.
犬が骨をがりがりかじっている。,The dog is gnawing on the bone.
この薩摩芋は生焼けでがりがりする。,This sweet potato is raw and baked.
彼女はほっそりした姿をしている。,She is a slender figure.
縞柄の服で彼女のほっそりした姿が目立つ。,Her striped clothes make her slender figure stand out.
彼女は彼女の妹に劣らずほっそりしている。,She is as slender as her sister.
こってり化粧した顔は異様である。,"Her face, heavily made-up, is bizarre."
こってりあいつの油を絞ってやった。,I squeezed the oil out of her face.
彼女はこってりした食べ物が好きだ。,She likes rich food.
彼女はあっさりと答えた。,She answered easily.
彼はその問題をあっさり解いた。,He solved the problem easily.
今日は何かあっさりした食べ物が食べたいな。,I want to eat something light today.
パンがふんわり焼けた。,The bread was softly baked.
私は今は永久脱毛で肌がツルツルです。,I have smooth skin now with permanent hair removal.
今日は、じめじめして寒いですね。,It's damp and cold today.
じめじめした寒い日は健康に悪い。,Damp and cold days are bad for your health.
彼らは夏のじめじめした気候に慣れている。,They are used to the damp weather of summer.
鼻がムズムズする。,My nose is all mushy.
彼は家に帰りたくてむずむずしていた。,He was itching to go home.
雨がしょぼしょぼ降っている。,The rain is drizzling.
こっそり家に忍び込む。,Sneaking into the house.
彼はこっそりささやいた。,He whispered secretly.
私は彼にこっそり手紙をわたした。,I secretly gave him a letter.
マリーはこっそり家を抜け出した。,Marie sneaked out of the house.
彼女はこっそり笑って感謝の気持ちを表した。,She smiled secretly and expressed her gratitude.
何人が賃上げ交渉に参加しましたか？,How many of you participated in the wage increase negotiations?
何かについて反対する。,Disagree about something.
旅客は歩道橋を使って路線を渡ってください。,Passengers must use the footbridge to cross the line.
通行には歩道橋で線路を渡らなくてはならない。,Passengers have to cross the tracks on the footbridge to get through.
乗る列車を間違えたらしい。,They were on the wrong train.
その案は通った。,The idea passed.
彼、試験に通ったの？,Did he pass the test?
船は橋の下を通った。,The ship went under the bridge.
彼は窓を通って来た。,He came through the window.
この道は通れませんよ。,You can't go this way.
試験に通るには６０点取らないといけない。,You have to get 60 points to pass the exam.
私は田舎へ行く途中小さな村を通った。,I passed through a small village on my way to the country.
行列が学校の側を通った。,A procession passed by the school.
車はそのトンネルの中を通ります。,The car goes through that tunnel.
崖っぷちに沿って狭い道が通っている。,A narrow road runs along the edge of the cliff.
彼はその人を街路を通って駅まで行きました。,He took the person through the streets to the station.
私は昨日彼女の家のそばを通った。,I passed by her house yesterday.
私達は最も近い道を通って駅に行った。,We took the nearest road to the station.
私は学校へバスで通っています。,I take the bus to school.
ここではバスは十分おきに通る。,"Here, the bus goes every ten minutes."
山を通してトンネルを通した。,We passed through a tunnel through the mountain.
すみません、ちょっと通して下さい。,"Excuse me, please let me through."
床下にパイプを通す。,Pass the pipe under the floor.
私は彼を部屋に通した。,I let him into the room.
銅はよく電気を通す。,Copper is a good conductor of electricity.
台本に目を通しておいてください。,Please look over the script.
道を開けて子どもを通してください。,Please open the way and let the child through.
山を通してトンネルを通した。,I put the tunnel through the mountain.
それらは１年を通してずっと飾られている。,They are decorated throughout the year.
こんもりと茂った木々の葉を通して日光が差し込んだ。,Sunlight shone through the thick foliage of the trees.
今日は何曜日ですか?,What day is it today?
今日は月曜日です。,Today is Monday.
今日は火曜日です。,Today is Tuesday.
今日は水曜日です。,Today is Wednesday.
今日は木曜日です。,Today is Thursday.
今日は金曜日です。,Today is Friday.
今日は土曜日です。,Today is Saturday.
今日は日曜日です。,Today is Sunday.
今日は何月何日ですか?,What’s the date today?
今日は何日ですか?,What’s the date today?
今日は24日です。,Today is the 24th.
2012年11月3日 月曜日。,"Monday, November 3rd, 2012."
やがて夜が明けて朝になった。,"Eventually, night fell and morning came."
先日の午後に。,The other afternoon.
水曜日の夕方に。,Wednesday evening.
夜になるのを待って出発する。,We'll wait for night to fall before we leave.
今朝から頭痛がする。,I've had a headache since this morning.
野には朝霧が立ちこめていた。,There was a morning mist in the field.
早朝の冷気の中を散歩する。,I take a walk in the cool early morning air.
明朝７時に私を車で迎えに来てくれますか。,Can you pick me up at 7:00 tomorrow morning?
天気が良ければ、私たちは明朝出発します。,"Weather permitting, we will leave tomorrow morning."
日光では朝方の気温が零度以下になり初氷が張った。,"In Nikko, the morning temperature dropped below zero and the first ice formed."
今何時ですか。,What time is it?
2たす4は6。,Two plus four is six.
4ひく2は2。,4 subtract 2 is 2.
2かける4は8。,2 multiplied by 4 is 8.
4割る2は2。,4 divide 2 is 2.
悪い天気になりますか。,Is it going to be bad weather?
暑くなりますか。,Will it be hot?
気温は何度ぐらいでしょうか。,What will the temperature be?
雨になりますか。,Will it rain?
嵐になりますか。,Will there be a storm?
雪になりますか。,Will it snow?
氷が張りますか。,Will there be ice?
いい風ですね。,It's a nice wind.
雷雨になりますか。,Will there be thunderstorms?
霧が立ちますか。,Will there be fog?
天気が崩れます。,Will the weather break?
涼しくなります。,It will get cooler.
明日の天気予報はどうですか。,What is the weather forecast for tomorrow?
酷暑に耐えられない。,I can't stand the extreme heat.
大都会の酷暑を避ける。,Avoid the extreme heat in the big city.
薄ら寒い天気。,Chilly weather.
快晴に恵まれた。,We were blessed with clear skies.
どんよりとした気分。,A gloomy mood.
どんよりとした空。,A gloomy/overcast sky
どんよりした目。,Clouded eyes.
梅雨らしく空はどんよりしている。,The sky was gloomy like the rainy season.
酷暑の折からお体に気をつけてください。,Please take care of yourself in this extremely hot weather.
海はとても穏やかだった。,The sea was very calm.
穏やかな気候。,Calm weather.
穏やかな一日だった。,It was a calm day.
彼は穏やかな処置をとった。,He took gentle measures.
彼は余生を穏やかに過ごした。,He spent the rest of his life peacefully.
昨夜はひどい雷雨だった。,We had a bad thunderstorm last night.
冷たくて湿っぽい空気。,The air was cold and humid.
かびは湿っぽい所が好きだ。,Molds like damp places.
今日はとても蒸し暑い。,It's very humid today.
梅雨で部屋がじめじめしている。,It's rainy season and the room is damp.
雨の後で地面がじめじめしている。,The ground is damp after the rain.
彼はじめじめした性格だ。,He has a sullen/gloomy personality.
猛暑をどう凌いでいますか。,How are you surviving the heat wave?
冷凍庫の霜を取る。,Defrosting the freezer.
今朝野原に霜がおりていた。,There was frost in the field this morning.
霜で真っ白である。,It was white with frost.
霜に強い品種。,A frost-tolerant variety.
一面に霜がおりている校庭。,The schoolyard with frost all over it.
濃い霧が町にかかっている。,A thick fog hung over the town.
霧が次第に薄らいだ。,The fog gradually thinned.
霧のかかった朝。,Foggy Morning
彼女は霧の中で迷子になった。,She was lost in the fog.
町は霧に包まれている。,The town is shrouded in fog.
その試合は雨天で流れた。,That game was rained out.
運動会は雨天順延になります。,The Sports Day will be postponed in case of rain.
非常の場合に備える。,Prepare for emergencies
非常口はどこにありますか。,Where are the emergency exits located?
その建物には非常口がない。,The building had no emergency exits.
手を触れないでください。,Please do not touch it.
ペンキ塗りたて。,Freshly painted.
芝生に入らないで下さい。,Please stay off the lawn.
起こさないでください。,Please don't wake him up/disturb.
観光案内所にお問い合わせください。,Please inquire at the Tourist Information Center.
観光案内所はどこですか。,Where is the tourist information center?
観光案内所では、ほしい人には誰にでも町の地図をあげました。,The tourist information center gave a city map to whoever asked it.
お手洗いはどこでしょうか。,Where is the restroom?
マナーモードに設定して下さい。,Please set it to silent mode.
先生、この子に応急手当をしてください。,"Doctor, please give this child first aid."
この講座では応急手当の基本的な技能を教えます。,This course teaches basic skills in First Aid.
申し込は明日まで受け付けます。,Applications will be accepted until tomorrow.
これを受付にお出しください。,Please present this to the receptionist.
楽しい休暇を。,Have a nice vacation.
楽しい旅行を。,Have a good trip.
お休みなさい。,Good night.
じゃあ 、失礼しま す。,I’d better be going.
館内では禁煙です。,Smoking is not allowed in the building.
彼は会議では禁煙しようと提案した。,He suggested that there be no smoking at the meeting.
あなたは喫煙をひかえるべきです。,You should abstain from smoking.
喫煙は健康に影響する。,Smoking can affect your health.
この電話は故障中だよ。,This phone is out of order.
コンピューターが故障中で修理しなくてはいけない。,The computer is out of order and must be repaired.
部屋は皆予約済みです。,The rooms are all booked.
この席は予約済みですか？,Is this seat already reserved?
このテーブルは予約済みです。,This table is reserved.
そうなんだけど..,That’s true but... 
そうなんですけど..,That is the case but...
日本人のふりをしました。,I pretended to be Japanese.
若いふりをしました。,I pretended to be young.
病気のふりをして、会社を休みました。,I pretended to be sick and took a day off from work.
忙しいふりをしないで、手伝って下さい。,"Don't pretend to be busy, please help me."
友達はよく、寝たふりをしています。,My friend often acts like he’s sleeping.
最近 、落ち込んでいます。,Recently I have been feeling down.
新型車の売り出しは秋になる予定だ。,The new car is scheduled to go on sale in the fall.
売り出しになる。,It will be on sale.
売り物に出す。,They put for sale
売り物に出る。,Thry go for sale.
彼が我々の案内役を務めた。,He served as our guide.
清掃中の張り紙。,A sign during cleaning.
避難階段の種類について。,Types of evacuation stairs.
特別避難階段との違いも詳しく解説。,Differences from special evacuation stairs are also explained in detail.
特別避難階段の概要。,Outline/overview of the special evacuation stairs.
彼は私に事件の概要を説明した。,He gave me an overview of the case.
彼はわれわれの私有地に不法侵入している無断で通っている。,"He's trespassing on our private property, and he's doing it without permission."
彼は待合室に座っています。,He is sitting in the waiting room.
美術館 行きのバス停留所は、どこですか。,Where is the bus stop for the museum?
エタノールは火気厳禁の危険物であることの周知と共に。,Make sure everyone is aware that ethanol is a dangerous substance that must be kept away from fire.
高圧的な手段をとる。,Take high-pressure measures.
足元に気をつけて。,Mind your step.
足もとにご用心。,Watch your step.
頭上を見上げる。,Look up overhead.
飛行機が頭上を飛んでいる。,An airplane is flying overhead.
ペット禁止。,No pets allowed.
頭上注意。,Head caution (low clearance)
高圧注意。,High voltage warning.
猛犬注意。,Beware of dogs.
タクシー乗り場。,Taxi stand.
営業時間。,Opening hours.
撮影禁止。,No Photography.
お会計。,Pay here.
応急手当。,First-aid (treatment)
営業中。,Open (open for business)
準備中。,In preparation (close for business)
何とかしろ!,Do something!
何とか入れた。,I managed to get in.
そこを何とか。,Do something there.
何とかします。,I'll do something.
何とかしてよー。,Do something!
何とかしてください。,Do something.
私がなんとかしよう。,I'll take care of it.
自分で何とかしたよ。,I took care of it myself.
何とかできると思うよ。,I'll figure it out.
そのうち何とかなるさ。,You'll figure it out.
なんとか納得はしない。,I'm not convinced.
数学は何とか可を取った。,I managed to get a pass in math.
何とかそこから脱出した。,I managed to get out of there.
重いけど、何とか運べます。,"It's heavy, but I can carry it."
彼は試験になんとか合格した。,He managed to pass the exam.
何とか手配してあげましょう。,I'll arrange it somehow.
なんとか終電に間に合ったよ。,I managed to make it to the last train.
急いで何とかバスに乗れました。,I hurried and managed to catch the bus.
なんとか時間どおりに駅に着いた。,I managed to arrive at the station on time.
傷から流れる血をなんとかしなさい。,Do something about the blood flowing from the wound.
なんて綺麗な夕日。,What a beautiful sunset.
なんて強い風なの！,What a strong wind!
これなんていうの？,What do you call this?
なんて賢い犬なんだ！,What a clever dog!
食欲なんてありません。,I have no appetite.
海外旅行なんて無理よ。,I can't travel abroad.
なんて面白い本なんだ！,What a funny book!
犬なんかちっとも恐くない。,I'm not afraid of dogs at all.
この玩具は女の子むけだ。,This toy is for girls.
その小説は子供むけでない。,The novel is not for children.
この本は普通の読者向けだ。,This book is for ordinary readers.
これは子供向けの物語の本だ。,This is a book of stories for children.
初心者向けのコースはありますか。,Do you have a beginner's course?
その映画は子供向きだ。,The movie is for children.
これは若者向きの車です。,This is a car for young people.
この本は初心者向きである。,This book is for beginners.
この本は子供向きに書き換えてある。,The book has been rewritten to be suitable for children.
彼は太っているくせに声は細い。,"He is fat, but his voice is thin."
冬が近づきつつある。,Winter is approaching.
人口は増加しつつある。,The population is growing.
太陽が今昇りつつある。,The sun is rising now.
物価が上がりつつある。,Prices are rising.
大気が汚染されつつある。,The air is becoming polluted.
彼女は目方がふえつつある。,Her eyes are getting bigger.
だんだん暗くなりつつある。,It's getting darker and darker.
そういう問題じゃないよ。,That's not the point.
そういうのは気に入らんな。,I don't like it when you do that.
まさしくそういう意味です！　,That's exactly what I mean!
服がぴったり合っていた。,The clothes fit perfectly.
それはぴったりの番号だ。,That's a perfect number.
この上着は私にぴったり合う。,This jacket fits me perfectly.
彼はその仕事にぴったりだ。,He's perfect for the job.
その帽子は彼女にぴったりだ。,That hat fits her perfectly.
彼は７時ぴったりに家に着いた。,He arrived home at exactly seven o'clock.
これは私の好みにぴったりです。,This fits my taste perfectly.
そのバスは８時ぴったりに到着した。,The bus arrived at exactly eight o'clock.
彼は彼女をしっかりと抱いた。,He held her tightly.
彼はしっかりと枝につかまった。,He held on tightly to the branch.
彼女の腕をしっかりとつかんだ。,I grabbed her arm tightly.
私は彼女をしっかり抱きしめた。,I held her tightly.
本は一まとめにしっかり縛ってあった。,The book was tied tightly in a bundle.
手を離さないでしっかりつかみなさい。,Don't let go and hold on tight.
彼女はその小包にしっかりと紐をかけた。,She tied the parcel tightly.
しっかり勉強しなさい。,Study hard.
しっかり頑張ってこい。,Do your best.
ドアはしっかり閉まっている。,The door is firmly closed.
ロープにしっかり捕まりなさい。,Hold on tight to the rope.
彼は私の手をしっかりと握った。,He grasped my hand tightly.
ラケットをしっかりにぎりなさい。,Hold the racket tightly.
約束はきちんと果たすべきだ。,You should make good on your promise.
食事療法にきちんと従うように。,Follow the diet properly.
貴方の仕事をきちんとしなさい。,Do your work well.
部屋の中をきちんと整理しなさい。,Keep your room neat and tidy.
彼は仕事の面できちんとしていた。,He was neat in his work.
きちんと座りなさい。,Sit properly.
きちんと戸を閉めなさい。,Close the door properly.
すべてきちんと整っている。,Everything is in order.
モーターがきちんと動かない。,The motor doesn't work properly.
ちゃんと座ってろ。,Sit down properly.
ちゃんと歯を磨いていますか。,Are you brushing your teeth properly?
ちゃんと聞いてるよ。,I'm listening to you.
ストーブちゃんと消した？,Did you turn off the stove properly?
本当にちゃんとわかった？,Are you sure you understand?
ちゃんと戸締りはしたか？,Did you lock the door properly?
ちゃんと思い出せないんだ。,I can't remember.
自分の目でちゃんと見たのよ。,I saw it with my own eyes.
ちゃんと体調管理をしなさいよ。,You should take better care of yourself.
こんにちは。,Hello.
今晩は。,Good evening.
お元気ですか。,How are you?
はい、元気です。あなたは？,"Yes, I'm fine. How are you?"
おかげさまで。,Thanks to you.
まあまあです。,So-so.
じゃあ、失礼します。,"Now, if you'll excuse me."
人を待たせていますので、これで失礼いたします。,"I have people waiting, so I'll be going now."
またあとで。,I'll see you later.
お休みなさい。,Have a good night.
がんばって下さい。,Please do your best.
楽しんで下さい。,Have fun.
楽しい休暇を。,Have a nice vacation.
楽しい旅行を。,Have a nice trip.
誰ですか？,Who is this?
この近くで何か面白いことがありますか。,Are there any interesting things to do near here?
どんなホテルですか。,What kind of hotel is it?
トイレはどこにありますか。,Where are the toilets located?
どちらに行かれますか。,Where are you going?
どこから来ましたか。,Where are you coming from?
どのくらい遠いですか。,How far away is it?
どこで起こりましたか。 ,Where did it happen?
何をなくしましたか。,What did you lose?
何が盗まれましたか。 ,What was stolen?
身分証明書を見せて下さい。 ,Please show me your ID.
それは何時でしたか。 ,What time did it happen?
誰が関係しましたか。 ,Who was involved?
証人がいますか。 ,Do you have any witnesses?
ここに記入してください。 ,Please fill out this form.
ここにサインをして下さい。 ,Please sign here.
通訳が必要ですか。 ,Do you need an interpreter?
保険のために写しをください。,Please provide a copy for insurance purposes.
全部失いました。,I've lost everything.
お金が全部なくなりました。,I've lost all my money.
お金を少し貸して下さいますか。,Can you lend me some money?
通訳が必要です。,I need a translator.
私は無罪です。,I'm not guilty.
何も知りません。,I don't know anything.
英語が話せる弁護士がほしいんです｡,I need a lawyer who speaks English.
そのピザは美味しそうです。,That pizza looks good.
あなたの車は古そうです。,Your car looks old.
このテストは難しそうです。,This test is going to be difficult.
今日は寒なさそうですね。,It doesn't look cold today.
このビールは冷たくなさそうです。,This beer doesn't seem to be cold.
あの公園は静かそうです。,That park looks quiet.
このホテルは便利じゃなさそうです。,This hotel doesn't look convenient.
あれはやそうな車ですね。,That looks like a fast car.
静かそうなこうえんです。,It looks like a quiet park.
元気そうな赤ちゃんですね。,That baby looks healthy.
日本人のふりをしました。,I pretended to be Japanese.
先生のことが好きじゃないけど、好きなふりをしました。,"I didn't like the teacher, but I pretended to like him."
若いふりをしました。,I pretended to be young.
日本語が分からないふりをしました。,I pretended that I didn't understand Japanese.
もう若いふりができません。,I can't pretend to be young anymore.
日本人のふりをしません。,I don't pretend to be Japanese.
友達はよく、寝たふりをしています。 ,My friends often pretend to be asleep.
忙がしいふりをしないで、手伝って下さい。 ,Please help me and don't pretend to be busy.
うちの子は学校が嫌なふりをしているけど、本当は好きです。,"My son pretends to hate school, but he really likes it."
最近、落ち込こんでいます。 ,I've been feeling depressed lately.
落ち込まないで、頑張りましょう。 ,"Don't be depressed, let's do our best."
卒業式でクラスメートと別れるのは、寂しいです。 ,I'm sad to say goodbye to my classmate at the graduation ceremony.
別れたいと言ったけど、彼女は聞いてくれなかった。 ,"I told her I wanted to break up with her, but she didn't listen to me."
別わかれる時は、泣くより笑ったほうがいいです。 ,"When you have to say goodbye, it is better to laugh than to cry."
10年飼っていた犬と別れるのは、辛かったです。,It was hard to say goodbye to the dog I had for 10 years.
若い時は、生活に困っていました。 ,"When I was young, I had a hard time making ends meet."
娘がずっと泣いて、本当に困りました。,"My daughter cried all the time, and I was really troubled."
友達の家があまりにも汚くて、困こまりました。,My friend's house was so dirty that I was in trouble.
海外旅行で困ったことはありますか。,Do you have any problems when traveling abroad?
何で？先週、話してたでしょう？ ,Why? Didn't we talk about it last week?
そうなんだけど..明日、友達に会ってほしかったの。 ,"I know, but... I wanted you to meet my friends tomorrow."
明日、日本に行くから、どきどきしています。,"I'm going to Japan tomorrow, so I'm very excited."
テストの時、いつもドキドキして、あまりよくできません。,"I always feel nervous when I take tests, and I don't do very well."
妹が怒っていて、部屋から出てきません。 ,My sister is angry and won't come out of her room.
私の友達が今晩、テレビに出てきますよ。,My friend is going to be on TV tonight.
財布をなくして、もう見つからないと思ったのに、今日出てきました。 ,"I lost my wallet and thought I'd never find it, but it came out today."
私はテニスをする時、汗をかきます。,"When I play tennis, I sweat a lot."
汗をかいたら、水をたくさん飲みます。,"When I sweat, I drink a lot of water."
天気が暑い時、汗が出でます。 ,"When the weather is hot, I sweat a lot."
夏に汗が凄く出るから、シャワーをよくします。,"In summer, I sweat so much that I often take a shower."
今日は忙しいけど、何とか時間を作つくります。 ,"I'm busy today, but I'll try to make time for you."
給料は少ないですが、何とかお金が貯められました。  ,"The salary was not much, but I managed to save some money."
困っていたけど、何とかなりました。,"I  was troubled, but it all worked  out. "
困っていたけど、何とかしました。 ,"I  was troubled, but I figured it out. "